sæ¬ºR[h,NO,s¹{§¼,sæ¬º¼,¼Ì,¼Ì_Ji,íÊ,Z,û,Üx,ox,ANZXû@,Ôêîñ,dbÔ,àüÔ,FAXÔ,@lÔ,cÌ¼,FÂNú,ûeèõ,óüNî,pÂ\jú,JnÔ,I¹Ô,pÂ\úÁL,êa©èÌL³,URL,õl
132217,,s,´£s,´£s§¤~æ1æ2æ3w¶Nu,LZVcE]m_CC`_Cj_CTKNhENu,,s´£s~2-9-38,,35.771999,139.505174,,,042-492-5606,,,,´£s,,100,¬wZ1N¶`6N¶,ÎØày,,,ÊíºZÔ`18F15BÜ½AOGxÆúÍ8F30`18F00B,³,,
132217,,s,´£s,´£s§´¾¬æ1æ2w¶Nu,LZVcZCCVE_CC`_CjKNhENu,,s´£s®ªu2-8-1@,´¾¬wZZÉà,35.796885,139.539993,,,042-492-5602,,,,´£s,,70,¬wZ1N¶`6N¶,ÎØày,,,ÊíºZÔ`18F15BÜ½AOGxÆúÍ8F30`18F00B,³,,
132217,,s,´£s,´£s§l¬w¶Nu,LZVcVEKNhENu,,s´£s¢2-1471,,35.783236,139.510435,,,042-492-3955,,,,´£s,,60,¬wZ1N¶`6N¶,ÎØày,,,ÊíºZÔ`18F15BÜ½AOGxÆúÍ8F30`18F00B,³,,
132217,,s,´£s,´£s§ª¬æ1æ2w¶Nu,LZVcn`VE_CC`_CjKNhENu,,s´£s´Ë4-1070,æª¬wZZÉà,35.787303,139.530847,,,042-492-5535,,,,´£s,,70,¬wZ1N¶`6N¶,ÎØày,,,ÊíºZÔ`18F15BÜ½AOGxÆúÍ8F30`18F00B,³,,
132217,,s,´£s,´£s§|uæ1æQw¶Nu,LZVc^PIJ_CC`_CjKNhENu,,s´£s|u1-15-11,,35.767616,139.511404,,,042-492-6767,,,,´£s,,60,¬wZ1N¶`6N¶,ÎØày,,,ÊíºZÔ`18F15BÜ½AOGxÆúÍ8F30`18F00B,³,,
132217,,s,´£s,´£s§ÅR¬æ1æ2w¶Nu,LZVcVo}VEVE_CC`_CjKNhENu,,s´£s³¬2-16-8,ÅR¬wZZÉà,35.775359,139.511204,,,042-491-0878,,,,´£s,,75,¬wZ1N¶`6N¶,ÎØày,,,ÊíºZÔ`18F15BÜ½AOGxÆúÍ8F30`18F00B,³,,
132217,,s,´£s,´£s§´£¬æ1æ2w¶Nu,LZVcLZVE_CC`_CjKNhENu,,s´£s¢5-741,´£¬wZZÉà,35.785211,139.525606,,,042-493-5408,,,,´£s,,90,¬wZ1N¶`6N¶,ÎØày,,,ÊíºZÔ`18F15BÜ½AOGxÆúÍ8F30`18F00B,³,,
132217,,s,´£s,´£s§O¬æ1æ2w¶Nu,LZVcTCVE_CC`_CjKNhENu,,s´£s|u1-15-4,æO¬wZZÉà,35.768568,139.509927,,,042-492-5622,,,,´£s,,70,¬wZ1N¶`6N¶,ÎØày,,,ÊíºZÔ`18F15BÜ½AOGxÆúÍ8F30`18F00B,³,,
132217,,s,´£s,´£s§´Ëæ1æ2w¶Nu,LZVciJLEgVE_CC`_CjKNhENu,,s´£s´Ë1-556-1,,35.775051,139.528458,,,042-493-3940,,,,´£s,,40,¬wZ1N¶`6N¶,ÎØày,,,ÊíºZÔ`18F15BÜ½AOGxÆúÍ8F30`18F00B,³,,
132217,,s,´£s,´£s§\¬w¶Nu,LZVcWEVEKNhENu,,s´Ë1-454-14,æ\¬wZZÉà,35.775148,139.527536,,,042-493-4350,,,,,,,,,,,,,,
