{Ý¼Ì,Ýn,õl,Üx,ox
iì¶Z^[,siìæiì1-34-9,"¶Z^[ÍA¶ÌSç¬ðÚIÉµ½{ÝÅAÇÈ½Åà©RÉpÅ«Ü·BæàÉÍ25Ì¶Z^[ª èAnæÌ±Çà½¿É »ÑÌyµ³ð`¦éæ¤A³Ü´ÜÈÆðÀ{µÄ¢Ü·Biìæiì1-34-9db:3472-5806 ¹Ý:iìÛç",35.6191079,139.7459430
kiì¶Z^[,siìækiì2-7-21,"¶Z^[ÍA¶ÌSç¬ðÚIÉµ½{ÝÅAÇÈ½Åà©RÉpÅ«Ü·BæàÉÍ25Ì¶Z^[ª èAnæÌ±Çà½¿É »ÑÌyµ³ð`¦éæ¤A³Ü´ÜÈÆðÀ{µÄ¢Ü·Biìækiì2-7-21 db:3471-2360¹Ý:kiìÛç",35.6187796,139.7440035
ìiì¶Z^[,siìæìiì4-5-28,"¶Z^[ÍA¶ÌSç¬ðÚIÉµ½{ÝÅAÇÈ½Åà©RÉpÅ«Ü·BæàÉÍ25Ì¶Z^[ª èAnæÌ±Çà½¿É »ÑÌyµ³ð`¦éæ¤A³Ü´ÜÈÆðÀ{µÄ¢Ü·Biìæìiì4-5-28db:3450-5043",35.6134633,139.7387090
¬Ö¶Z^[,siìækiì5-8-15,"¶Z^[ÍA¶ÌSç¬ðÚIÉµ½{ÝÅAÇÈ½Åà©RÉpÅ«Ü·BæàÉÍ25Ì¶Z^[ª èAnæÌ±Çà½¿É »ÑÌyµ³ð`¦éæ¤A³Ü´ÜÈÆðÀ{µÄ¢Ü·Biìækiì5-8-15db:3449-1676",35.6195919,139.7326959
OcØ¶Z^[,siìæ¼iì2-6-13,"¶Z^[ÍA¶ÌSç¬ðÚIÉµ½{ÝÅAÇÈ½Åà©RÉpÅ«Ü·BæàÉÍ25Ì¶Z^[ª èAnæÌ±Çà½¿É »ÑÌyµ³ð`¦éæ¤A³Ü´ÜÈÆðÀ{µÄ¢Ü·Biìæ¼iì2-6-13db:3491-1005",35.6139821,139.7262033
Ü½c¶Z^[,siìæÜ½c5-24-1,"¶Z^[ÍA¶ÌSç¬ðÚIÉµ½{ÝÅAÇÈ½Åà©RÉpÅ«Ü·BnæÌ±Çà½¿É »ÑÌyµ³ð`¦éæ¤A³Ü´ÜÈÆðÀ{µÄ¢Ü·BiìæÜ½c5-24-1 db:3443-1629¹Ý:Ü½cÛç",35.6279641,139.7232772
´¶Z^[,siìæ¬R1-4-1,"¶Z^[ÍA¶ÌSç¬ðÚIÉµ½{ÝÅAÇÈ½Åà©RÉpÅ«Ü·BæàÉÍ25Ì¶Z^[ª èAnæÌ±Çà½¿É »ÑÌyµ³ð`¦éæ¤A³Ü´ÜÈÆðÀ{µÄ¢Ü·Biìæ¬R1-4-1 db:3492-6119¹Ý:´Ûç",35.6218924,139.7123712
½Ë¶Z^[,siìæ½Ë2-2-3,"¶Z^[ÍA¶ÌSç¬ðÚIÉµ½{ÝÅAÇÈ½Åà©RÉpÅ«Ü·BæàÉÍ25Ì¶Z^[ª èAnæÌ±Çà½¿É »ÑÌyµ³ð`¦éæ¤A³Ü´ÜÈÆðÀ{µÄ¢Ü·Biìæ½Ë2-2-3 db:3786-2228¹Ý:½ËÛç",35.6187860,139.7173311
ãn¶Z^[,siìæ¬R2-9-19,"¶Z^[ÍA¶ÌSç¬ðÚIÉµ½{ÝÅAÇÈ½Åà©RÉpÅ«Ü·BnæÌ±Çà½¿É »ÑÌyµ³ð`¦éæ¤A³Ü´ÜÈÆðÀ{µÄ¢Ü·Biìæ¬R2-9-19 db:3785-5033¹Ý:ãnVo[Z^[",35.6206454,139.7092310
¶Z^[,siìæ¼1-6-16,"¶Z^[ÍA¶ÌSç¬ðÚIÉµ½{ÝÅAÇÈ½Åà©RÉpÅ«Ü·BæàÉÍ25Ì¶Z^[ª èAnæÌ±Çà½¿É »ÑÌyµ³ð`¦éæ¤A³Ü´ÜÈÆðÀ{µÄ¢Ü·Biìæ¼1-6-16 db:3781-9300¹Ý:Ûç",35.6125593,139.7082896
øÌä¶Z^[,siìæøÌä5-19-5(øÌä¶»Z^[),"¶Z^[ÍA¶ÌSç¬ðÚIÉµ½{ÝÅAÇÈ½Åà©RÉpÅ«Ü·BnæÌ±Çà½¿É »ÑÌyµ³ð`¦éæ¤A³Ü´ÜÈÆðÀ{µÄ¢Ü·BiìæøÌä5-19-5db:3785-1280¹Ý:øÌäÛçøÌä¶»Z^[",35.6038763,139.7005187
¼¶Z^[,siìæ¼3-8-5,"¶Z^[ÍA¶ÌSç¬ðÚIÉµ½{ÝÅAÇÈ½Åà©RÉpÅ«Ü·BæàÉÍ25Ì¶Z^[ª èAnæÌ±Çà½¿É »ÑÌyµ³ð`¦éæ¤A³Ü´ÜÈÆðÀ{µÄ¢Ü·Biìæ¼3-8-5 db:3783-1875¹Ý:¼Ûç",35.6072589,139.7082240
¶Z^[,siìæ2-5-10,"¶Z^[ÍA¶ÌSç¬ðÚIÉµ½{ÝÅAÇÈ½Åà©RÉpÅ«Ü·BæàÉÍ25Ì¶Z^[ª èAnæÌ±Çà½¿É »ÑÌyµ³ð`¦éæ¤A³Ü´ÜÈÆðÀ{µÄ¢Ü·Biìæ2-5-10 db:3785-0419¹Ý:Ûç",35.6077311,139.7138312
ä½©¶Z^[,siìæL¬1-18-15,"¶Z^[ÍA¶ÌSç¬ðÚIÉµ½{ÝÅAÇÈ½Åà©RÉpÅ«Ü·BæàÉÍ25Ì¶Z^[ª èAnæÌ±Çà½¿É »ÑÌyµ³ð`¦éæ¤A³Ü´ÜÈÆðÀ{µÄ¢Ü·BiìæL¬1-18-15 db:3786-0633¹Ý:ä½©Ûç",35.6115951,139.7227015
ìä½©¶Z^[,siìæL¬4-17-21,"¶Z^[ÍA¶ÌSç¬ðÚIÉµ½{ÝÅAÇÈ½Åà©RÉpÅ«Ü·BæàÉÍ25Ì¶Z^[ª èAnæÌ±Çà½¿É »ÑÌyµ³ð`¦éæ¤A³Ü´ÜÈÆðÀ{µÄ¢Ü·BiìæL¬4-17-21 db:3781-3577¹Ý:ìä½©Ûç",35.6065187,139.7210417
å´¶Z^[,siìæËz6-16-1,"¶Z^[ÍA¶ÌSç¬ðÚIÉµ½{ÝÅAÇÈ½Åà©RÉpÅ«Ü·BæàÉÍ25Ì¶Z^[ª èAnæÌ±Çà½¿É »ÑÌyµ³ð`¦éæ¤A³Ü´ÜÈÆðÀ{µÄ¢Ü·BiìæËz6-16-1db:3785-5128",35.6073586,139.7154347
ym©ä¶Z^[,siìæ¼åä6-1-8,"¶Z^[ÍA¶ÌSç¬ðÚIÉµ½{ÝÅAÇÈ½Åà©RÉpÅ«Ü·BæàÉÍ25Ì¶Z^[ª èAnæÌ±Çà½¿É »ÑÌyµ³ð`¦éæ¤A³Ü´ÜÈÆðÀ{µÄ¢Ü·Biìæ¼åä6-1-8db:3785-7834",35.6012285,139.7141964
É¡¶Z^[,siìæ¼åä6-13-1,"¶Z^[ÍA¶ÌSç¬ðÚIÉµ½{ÝÅAÇÈ½Åà©RÉpÅ«Ü·BæàÉÍ25Ì¶Z^[ª èAnæÌ±Çà½¿É »ÑÌyµ³ð`¦éæ¤A³Ü´ÜÈÆðÀ{µÄ¢Ü·Biìæ¼åä6-13-1db:3771-1311 ¹Ý:É¡Ûç",35.6006359,139.7176166
ê{´¶Z^[,siìæåä2-25-1,"¶Z^[ÍA¶ÌSç¬ðÚIÉµ½{ÝÅAÇÈ½Åà©RÉpÅ«Ü·BæàÉÍ25Ì¶Z^[ª èAnæÌ±Çà½¿É »ÑÌyµ³ð`¦éæ¤A³Ü´ÜÈÆðÀ{µÄ¢Ü·Biìæåä2-25-1 db:3775-4352¹Ý:ê{´¶Ûç",35.6047323,139.7295497
åäqc¶Z^[,siìæåä4-11-34,"¶Z^[ÍA¶ÌSç¬ðÚIÉµ½{ÝÅAÇÈ½Åà©RÉpÅ«Ü·BnæÌ±Çà½¿É »ÑÌyµ³ð`¦éæ¤A³Ü´ÜÈÆðÀ{µÄ¢Ü·Biìæåä4-11-34 db:3776-4881Tàjú@10`³ß¨à¿ávU",35.6023198,139.7339205
ê¤q¶Z^[,siìæåä5-19-14,"¶Z^[ÍA¶ÌSç¬ðÚIÉµ½{ÝÅAÇÈ½Åà©RÉpÅ«Ü·BæàÉÍ25Ì¶Z^[ª èAnæÌ±Çà½¿É »ÑÌyµ³ð`¦éæ¤A³Ü´ÜÈÆðÀ{µÄ¢Ü·Biìæåä5-19-14 db:3771-3885",35.5981821,139.7289477
_¶Z^[,siìæìåä5-13-19,"¶Z^[ÍA¶ÌSç¬ðÚIÉµ½{ÝÅAÇÈ½Åà©RÉpÅ«Ü·BæàÉÍ25Ì¶Z^[ª èAnæÌ±Çà½¿É »ÑÌyµ³ð`¦éæ¤A³Ü´ÜÈÆðÀ{µÄ¢Ü·Biìæìåä5-13-19db:3768-2027",35.5954770,139.7339834
ìåä¶Z^[,siìæìåä3-7-13(Vo[Z^[E}Ù),"¶Z^[ÍA¶ÌSç¬ðÚIÉµ½{ÝÅAÇÈ½Åà©RÉpÅ«Ü·næÌ±Çà½¿É »ÑÌyµ³ð`¦éæ¤A³Ü´ÜÈÆðÀ{µÄ¢Ü·iìæìåä3-7-13db:3761-4148¹Ýìåä}ÙìåäÛçìåäVo[Z^[",35.5915774,139.7343157
åä¶Z^[,siìæåä1-22-16,"¶Z^[ÍA¶ÌSç¬ðÚIÉµ½{ÝÅAÇÈ½Åà©RÉpÅ«Ü·BæàÉÍ25Ì¶Z^[ª èAnæÌ±Çà½¿É »ÑÌyµ³ð`¦éæ¤A³Ü´ÜÈÆðÀ{µÄ¢Ü·Biìæåä1-22-16db:3471-1070¹ÝåäÛç",35.6032688,139.7415195
ªª¶Z^[,siìæªª5-10-27(ªªnæZ^[),"¶Z^[ÍA¶ÌSç¬ðÚIÉµ½{ÝÅAÇÈ½Åà©RÉpÅ«Ü·BnæÌ±Çà½¿É »ÑÌyµ³ð`¦éæ¤A³Ü´ÜÈÆðÀ{µÄ¢Ü·Biìæªª5-10-27db:3799-3000¹ÝªªnæZ^[ªª}Ù",35.5999497,139.7515122
ê{´Ûç,siìæåä2-25-1,"iìæåä2-25-1 db:3775-4351ÅñèwJRlküE}üEèñ©¢ü åä¬w",35.6046197,139.7296648
É¡Ûç,siìæ¼åä6-13-1,"iìæ¼åä6-13-1 db:3771-2211¹Ý:É¡¶Z^[Åñèw:`´zÂoX `´cÆoXâ",35.6007298,139.7175919
`´Ûç,siìæ`´2-16-18,"iìæ`´2-16-18db:3781-5331Åñèw:}rãü ËzâÀw",35.6166852,139.7088707
`´¼Ûç,siìæ`´4-16-11,"iìæ`´4-16-11 db:3783-6361¹Ý:`´¼æ¯WïÅñèw:}Úü  ¬Rw",35.6139290,139.7061718
åäÛç,siìæåä6-14-16,"iìæåä6-14-16db:3761-8798Åñèw:l}sü §ïìw",35.6009420,139.7352558
åäqcÛç,siìæåä4-11-8,"iìæåä4-11-8db:3776-8539Åñèw:JRlküE}üEèñ©¢ü åä¬w",35.6023122,139.7341259
åèÛç,siìæåè5-2-1,"iìæåè5-2-1db:3492-6265Åñèw:JRRèüEèñ©¢ü åèw",35.6219418,139.7263867
kiìÛç,siìækiì2-7-21,"iìækiì2-7-21 db:3471-4907¹Ý:kiì¶Z^[Åñèw:l}sü Vnêw",35.6187098,139.7439522
¹OÛç,siìæ4-14-19,"iìæ4-14-19 db:3783-8744¹Ý:¹O}ÙÅñèw:}åä¬ü `´¬w",35.6055339,139.7099883
Ü½cÛç,siìæÜ½c2-15-6,"iìæÜ½c2-15-6db:3445-4534¹Ý:Ü½cÓê ¢fBz[Ü½cVo[Z^[Åñèw:JRRèüEèñ©¢ü åèw",35.6218429,139.7295393
¬RäÛç,siìæ¬Rä1-3-8,"iìæ¬Rä1-3-8db:3710-4415Åñèw:}Úü s®Ow",35.6250581,139.7068113
iìÛç,siìæåä5-8-12,"iìæåä5-8-12db:3471-0506Åñèw:JRlküE}üEèñ©¢ü åä¬w",35.6075152,139.7378292
´äÛç,siìæ`´7-8-3,"iìæ`´7-8-3db:3784-0519Åñèw:}Úü ¼¬Rw",35.6118272,139.7013761
_Ûç,siìæìåä6-2-15,"iìæìåä6-2-15db:3761-0321Åñèw:JRlkü åXw",35.5928361,139.7329006
ê¤qÛç,siìæåä5-18-1,"iìæåä5-18-1db:3775-4861Åñèw:`´zÂoX åä5ÚoXâ",35.5981093,139.7277129
´Ûç,siìæ¬R1-4-1,"iìæ¬R1-4-1db:3492-5188¹Ý:´¶Z^[Åñèw:}Úü s®Ow",35.6221109,139.7126127
Ûç,siìæ¼1-6-16,"iìæ¼1-6-16 db:3784-3405¹Ý:¶Z^[Åñèw:}rãü `´w",35.6125102,139.7084349
¼åäÛç,siìæ¼åä1-1-1,"iìæ¼åä1-1-1db:3774-5315Åñèw:JR¡{êü ¼åäw",35.6010194,139.7216362
¼Ü½cÛç,siìæ¼Ü½c3-9-10,"iìæ¼Ü½c3-9-10db:3493-0075¹Ý:¼Ü½cVo[Z^[Åñèw:}oX åèXÖÇoXâ",35.6265224,139.7168722
¼iìÛç,siìæ¼iì3-16-35,"iìæ¼iì3-16-35 db:3493-1333¹Ý:¼iìw¶ÛçNuÅñèw:JRRèüEèñ©¢ü åèw",35.6150221,139.7261814
¼Ûç,siìæ¼3-8-5,"iìæ¼3-8-5db:3783-1856¹Ý:¼¶Z^[Åñèw:}åä¬ü `´¬w",35.6073080,139.7081172
øÌäÛç,siìæøÌä5-19-5,"iìæøÌä5-19-5 db:3784-1903¹Ý:øÌä¶Z^[øÌä¶»Z^[Åñèw:}åä¬ü øÌäw",35.6037688,139.7003820
åäÛç,siìæåä1-22-16,"iìæåä1-22-16db:3471-1190 ¹Ý:åä¶Z^[Åñèw:l}sü LFw",35.6032911,139.7414100
Ü½cÛç,siìæÜ½c5-24-1,"iìæÜ½c5-24-1db:3447-0663 ¹Ý:Ü½c¶Z^[Åñèw:JRRèü Ü½cw",35.6279857,139.7233588
iìÛç,siìæiì1-34-9,"iìæiì1-34-9 db:3472-5805¹Ý:iì¶Z^[Åñèw:l}sü Vnêw",35.6191527,139.7460771
Ûç,siìæ2-5-10,"iìæ2-5-10 db:3785-0418¹Ý:¶Z^[Åñèw:}åä¬ü w",35.6078339,139.7138475
½ËÛç,siìæ½Ë2-2-3,"iìæ½Ë2-2-3 db:3785-6770¹Ý:½Ë¶Z^[Åñèw:}rãü ËzâÀw",35.6188039,139.7174542
ym©äÛç,siìæ¼åä6-1-15,"iìæ¼åä6-1-15db:3785-7833Åñèw:}åä¬ü w",35.6013287,139.7142443
ñtÛç,siìæñt1-4-25,"iìæñt1-4-25 db:3782-6786¹Ý:ñt}ÙÅñèw:}åä¬ü º_¾w",35.6080266,139.7267273
ñtÂÚÝÛç,siìæñt1-3-24ñtct,"iìæñt1-3-40db:3785-3423¹Ý:ñtct( í¹Äñt·±â©)Åñèw:}åä¬ü º_¾w",35.6062910,139.7255458
ìåäÛç,siìæìåä3-7-4,"iìæìåä3-7-4 db:3761-6543¹Ý:ìåä}Ùìåä¶Z^[ìåäVo[Z^[Åñèw:l}sü åXCÝw",35.5918014,139.7344216
OcØÛç,siìæ¼iì1-9-18,"iìæ¼iì1-9-18db:3491-8593Åñèw:JRRèüEèñ©¢ü åèw",35.6131303,139.7297103
ìä½©Ûç,siìæL¬4-17-21,"iìæL¬4-17-21 db:3781-3601¹Ý:ìä½©¶Z^[Åñèw:}åä¬ü Ëzöw",35.6065364,139.7209266
ªªkÛç,siìæªª5-1-3,"iìæªª5-1-3 db:3799-0531¹Ý:scZîÅñèw:scoX Z^[OoXâ",35.6046933,139.7531379
ªª¼Ûç,siìæªª5-4-16,"iìæªª5-4-16db:3799-0777Åñèw:scoX ªªkoXâ",35.6016830,139.7512726
ªªìÛç,siìæªª5-8-41,"iìæªª5-8-41db:3799-2424Åñèw:scoX ªªì¬OoXâ",35.5966055,139.7520556
ªbRÛç,siìæiì1-2-15,"iìæiì1-2-15 db:3472-4661¹Ý:ªbRÓê ¢fBz[Åñèw:l}sü kiìw",35.6229761,139.7435605
ä½©Ûç,siìæL¬1-18-15,"iìæL¬1-18-15db:3786-0738Åñèw:}åä¬ü Ëzöw",35.6115361,139.7227398
Õè·­[é¼Ü½c,siìæ¼Ü½c3-9-9,"¼Ü½c3-9-9db:5759-8081Åñèw:}oX åèXÖÇoXâ",35.6265987,139.7167903
ÎäÛç,siìæ¬R2-6-15,"iìæ¬R2-6-15db:3781-3666Åñè:}Úü  ¬Rw",35.6210321,139.7072869
óÛç,siìæ¼Ü½c4-12-13,"iìæ¼Ü½c4-11-18db:3492-3872Åñè:}Úü s®Ow",35.6263924,139.7105959
ËzÐÜíèÛç,siìæËz6-16-14,"iìæËz6-16-14db:3787-5856Åñè:}åä¬ü Ëzöw",35.6073632,139.7153850
Çñ®èÛçi{j,siìæìiì2-9-13,"iìæìiì2-9-13db:3471-1673Åñè:l}sü Vnêw",35.6141735,139.7428160
ú{¹ywZÛç,siìæL¬2-16-12,"iìæL¬2-16-12db:5702-0034Åñè:}åä¬ü Ëzöw",35.6097062,139.7253813
ËzÛç,siìæËz4-1-10,"iìæËz4-1-10db:3781-5363Åñè:}åä¬ü Ëzöw",35.6122976,139.7178016
ÎÌÆÛç,siìæåä7-4-18,"iìæåä7-4-18 db:3776-4073Åñè:rãsoX ­_ÐoXâ",35.5962897,139.7293325
ªªÛç,siìæªª5-10-60101,"iìæªª5-10-60-101db:3799-1152Åñè:scoX ªªp[N^EoXâ",35.5995262,139.7511887
iì¬wZ,siìækiì3-9-30,iìækiì3-9-30,35.6177464,139.7378337
éì¬wZ,siìæìiì2-8-21,"iìæìiì2-8-21 ¹Ýéìct",35.6131737,139.7427322
óÔä¬wZ,siìæìiì6-8-8,iìæìiì6-8-8,35.6114809,139.7365320
OØ¬wZ,siìæ¼iì3-16-28,iìæ¼iì3-16-28,35.6152914,139.7268158
éìæñ¬wZ,siìæiì3-4-5,iìæiì3-4-5,35.6156597,139.7461815
F¬wZ,siìæåè3-12-22,iìæåè3-12-22,35.6190862,139.7248065
æOúì¬wZ,siìæãåè1-19-19,iìæãåè1-19-19,35.6326808,139.7242124
ælúì¬wZ,siìæ¼Ü½c4-29-9,iìæ¼Ü½c4-29-9,35.6256563,139.7125064
åäæê¬wZ,siìæåä6-1-32,iìæåä6-1-32,35.5985369,139.7312848
Ll¬wZ,siìæåä2-10-14,iìæåä2-10-14,35.6014717,139.7406887
R¬wZ,siìæåä3-7-19,iìæåä3-7-19,35.6030627,139.7300265
§ï¬wZ,siìæåä4-15-9,iìæåä4-15-9,35.6044620,139.7398886
lì¬wZ,siìæìåä4-3-27,"iìæìåä4-3-27 lìct¹Ý",35.5982320,139.7358644
É¡¬wZ,siìæ¼åä5-6-8,"iìæ¼åä5-6-8 É¡ct¹Ý",35.5986710,139.7170305
éX¬wZ,siìæìåä4-16-2,iìæìåä4-16-2,35.5942592,139.7352088
äê¬wZ,siìæiì1-8-30,"iìæiì1-8-30 äêct¹Ý",35.6210266,139.7437964
z¬wZ,siìæ½Ë2-19-20,iìæ½Ë2-19-20,35.6149950,139.7131309
R¬wZ,siìæ¼2-17-5,iìæ¼2-17-5,35.6090273,139.7081212
¬wZ,siìæ1-11-15,iìæ1-11-15,35.6125373,139.7094080
¬R¬wZ,siìæ¬R5-10-6,iìæ¬R5-10-6,35.6161726,139.7031277
å´¬wZ,siìæËz6-17-3,iìæËz6-17-3,35.6071632,139.7161396
{O¬wZ,siìæËz4-5-10,iìæËz4-5-10,35.6121020,139.7187181
¹O¬wZ,siìæ6-2-18,iìæ6-2-18,35.6032512,139.7117335
æñR¬wZ,siìæøÌä1-6-1,iìæøÌä1-6-1,35.6100280,139.7034064
ãn¬wZ,siìæ¬R2-4-6,iìæ¬R2-4-6,35.6215871,139.7085330
Ëz¬wZ,siìæL¬2-1-20,iìæL¬2-1-20,35.6111156,139.7213296
øä¬wZ,siìæøÌä4-7-11,iìæøÌä4-7-11,35.6033361,139.7041631
ã_¾¬wZ,siìæñt4-4-10,iìæñt4-4-10,35.6029975,139.7152969
´ä¬wZ,siìæøÌä1-11-17,iìæøÌä1-11-17,35.6073938,139.7026372
¬Rä¬wZ,siìæ¬Rä1-18-24,iìæ¬Rä1-18-24,35.6228576,139.7032153
§¾°w,siìæªª5-2-1,"iìæªª5-2-1db:6380-6775",35.6040863,139.7533188
ªªw,siìæªª5-9-11,"iìæªª5-11-2db@3799-1641¬êÑZuªªwv ªª¬wZÆªªwZð¹Ý",35.6010569,139.7514686
CwZ,siìæiì3-30-15,iìæiì3-30-15,35.6124592,139.7492204
åèwZ,siìæ¼iì3-10-6,iìæ¼iì3-10-6,35.6155350,139.7227275
lìwZ,siìæåä3-18-34,iìæåä3-18-34,35.6002177,139.7382919
É¡w,siìæåä5-1-37,"iìæåä5-1-37db@3771-3374¬êÑZuÉ¡wv ´¬wZÆÉ¡wZ¹Ý",35.6000568,139.7262013
éXwZ,siìæìåä2-3-14,iìæìåä2-3-14,35.5928575,139.7378643
ym©äwZ,siìæ¼åä5-5-14,iìæ¼åä5-5-14,35.5982989,139.7154348
`´æêwZ,siìæ`´1-24-30,iìæ`´1-24-30,35.6194505,139.7128405
`´æÜwZ,siìæøÌä5-11-13,iìæøÌä5-11-13,35.6033054,139.7019616
`´æZwZ,siìæ¬R5-20-19,iìæ¬R5-20-19,35.6164310,139.6999380
ËzäwZ,siìæËz1-15-23,"iìæËz1-15-23 ¹ÝËzäÁÊ{ìVlz[ËzäÝîîìxZ^[ËzäÝîT[rXZ^[",35.6155270,139.7176744
¬ìwqwZ,siìæ¼åä1-6-13,iìæ¼åä1-6-13,35.6020717,139.7266527
UÊÐwZ,siìæ¼Ü½c5-14-2,iìæ¼Ü½c5-14-2,35.6245611,139.7137118
wZwZ,siìæøÌä6-22-21,iìæøÌä6-22-21,35.6068762,139.7014633
iìqw@,siìækiì3-3-12,iìqw@,35.6209603,139.7392976
ÂÅwZ,siìæñt1-6-6,iìæñt1-6-6,35.6088748,139.7280635
¶³åwt®wZ,siìæøÌä3-2-17,iìæøÌä3-2-17,35.6056763,139.7063680
¬ìwq,siìæ¼åä1-6-13,iìæ¼åä1-6-13,35.6021746,139.7267649
UÊÐZ,siìæ¼Ü½c5-14-2,iìæ¼Ü½c5-14-2,35.6244536,139.7135723
wZ,siìæøÌä6-22-21,iìæøÌä6-22-21,35.6069657,139.7016000
iìqw@,siìækiì3-3-12,iìækiì3-3-12,35.6208888,139.7393826
ÂÅwZ,siìæñt1-6-6,iìæñt1-6-6,35.6089285,139.7281921
üDw@wZ,siìæ¼åä6-1-23,iìæ¼åä6-1-23,35.6005395,139.7145372
ú{¹ywZ,siìæL¬2-16-12,iìæL¬2-16-12,35.6101948,139.7252836
¶³åwt®wZ,siìæøÌä3-2-17,iìæøÌä3-2-17,35.6056183,139.7065077
iìGg[q,siìæìiì5-12-4,iìæìiì5-12-4,35.6086771,139.7406486
UÊÐHÈZúåw,siìæ¼Ü½c5-14-2,iìæ¼Ü½c5-14-2,35.6243554,139.7137121
ìüåw,siìæãåè4-6-19,iìæãåè4-6-19,35.6316214,139.7158734
¯òÈåw,siìæ`´2-4-41,iìæ`´2-4-41,35.6193160,139.7113764
´òqåw,siìæÜ½c3-16-21,iìæÜ½c3-16-21,35.6272085,139.7284441
ºaåw,siìæøÌä1-5-8,iìæøÌä1-5-8,35.6085581,139.7035225
éìct,siìæìiì2-8-21,"iìæìiì2-8-21 ¹Ýéì¬wZ",35.6133692,139.7427552
½Ëct,siìæ`´4-5-22,"iìæ`´4-5-22 ¹Ý:`´¼æñÛç( í¹Ä½Ë·±â©)",35.6158881,139.7078361
lìct,siìæìåä4-3-14,"iìæìåä4-3-14 ¹Ýlì¬wZ",35.5977020,139.7361640
kiìæñÛç,siìækiì3-7-43,dbF03-5781-3881,35.6180915,139.7391006
É¡ct,siìæ¼åä5-22-8,"iìæ¼åä5-22-8¹ÝÉ¡¬wZ",35.5980921,139.7169673
æêúìctE¼Ü½cæñÛç,siìæ¼Ü½c6-6-6,"iìæ¼Ü½c6-5-6 @¹Ýæêúì¬wZ¼Ü½cæñÛç",35.6223713,139.7164903
äêctEäêÛç,siìæiì1-8-30,"iìæiì1-8-30 ¹ÝäêÛçEäêct",35.6213485,139.7437159
ñtctEñtÂÚÝÛç,siìæñt1-3-24,"iìæñt1-3-40 ¹Ý:ñtÂÚÝÛç( í¹Äñt·±â©)",35.6063850,139.7256197
ªªí©Îct,siìæªª5-6-32,iìæªª5-6-32,35.5965468,139.7497629
ú{mÙw@,siìæ¼åä1-6-13,iìæ¼åä1-6-13,35.6025545,139.7262964
r©Èq¶mêåwZ,siìæåä3-5-6,iìæåä3-5-6,35.6032517,139.7391826
r©ãÃêåwZ,siìæåä4-12-10,iìæåä4-12-10,35.6056689,139.7389973
`´ãtï§ÅìêCwZ,siìæ1-7-12,iìæ1-7-12,35.6117467,139.7124623
O[OêêåwZ,siìæ¼Ü½c2-24-11,iìæ¼Ü½c2-24-11,35.6259245,139.7192728
UÊÐêåwZ,siìæ¼Ü½c5-14-2,iìæ¼Ü½c5-14-2,35.6244629,139.7138571
iìt@bVrWlXêåwZ,siìæ5-15-9,iìæ5-15-9,35.6011815,139.7097994
ºaåwãw®ÅìêåwZ,siìæøÌä1-5-8,iìæøÌä1-5-8,35.6086714,139.7035962
VÈq¶mwZ,siìæìåä4-20-2,iìæìåä4-20-2,35.5928794,139.7358071
VÈZHmwZ,siìæìåä4-20-2,iìæìåä4-20-2,35.5929823,139.7358589
NÈwêåwZ,siìæìiì6-10-5,iìæìiì6-10-5,35.6097767,139.7362570
HÈêåwZiìZ,siìæìiì3-7-12,iìæìiì3-7-12,35.6069344,139.7448059
ÈZHêåwZ,siìæ¼Ü½c5-1-10,iìæ¼Ü½c5-1-10,35.6259574,139.7152128
¹¯ÐïêåwZ,siìæL¬2-16-12,iìæL¬2-16-12,35.6101723,139.7251605
}bNXüeêåwZ,siìæåä1-48-11,iìæåä1-48-11,35.6054187,139.7329976
hX[J[w@,siìæãåè4-6-19,iìæãåè4-6-19,35.6315141,139.7159311
ú{¹ywZ,siìæL¬2-16-12,iìæL¬2-16-12,35.6101633,139.7250318
{ì¶»êåwZ,siìæåè4-5-20,iìæåè4-5-20,35.6201497,139.7225267
åèwZ,siìæL¬2-1-7,iìæL¬2-1-7,35.6097103,139.7211044
¬RäwZ,siìæ¬R3-3-32,iìæ¬R3-3-32,35.6212622,139.7035215
ªªwZ,siìæiì3-27-22,iìæiì3-27-22,35.6117053,139.7462932
s§YÆZpêåwZ,siìæåä1-10-40,iìæåä1-10-40,35.6057885,139.7479522
s§iìÁÊxwZ,siìæìiì6-15-20,iìæìiì6-15-20,35.6095224,139.7379342
§³åw,siìæåè4-2-16,,35.6204810,139.7236989
 ¯ÚÌct,siìæåä5Ú10-12,iìæåä5Ú10-12,35.5982939,139.7304922
ACAXct,siìæ¬R4Ú4-13,iìæ¬R4Ú4-13,35.6182539,139.7039279
`´w®ct,siìæ5Ú6-18,iìæ5Ú6-18,35.6031168,139.7082701
Gg[ct,siìæìiì5Ú12-4,iìæìiì5Ú12-4,35.6084361,139.7401278
åä¤³¬ct,siìæåä7Ú1-5,iìæåä7Ú1-5,35.5974138,139.7254528
åèct,siìæåè3Ú11-1,iìæåè3Ú11-1,35.6193824,139.7235612
Tcct,siìæ6Ú1-3,iìæ6Ú1-3,35.6040057,139.7102707
iì³ï®ct,siìækiì4Ú7-40,iìækiì4Ú7-40,35.6226554,139.7371869
éXßÎ¦ct,siìæìåä2Ú4-1,iìæìåä2Ú4-1,35.5933068,139.7368490
êCct,siìæ¼Ü½c6Ú11-5,iìæ¼Ü½c6Ú11-5,35.6208410,139.7177636
ô«¤³¬ct,siìæ`´7Ú18-15,iìæ`´7Ú18-15,35.6098117,139.6987106
Ëzct,siìæËz1Ú21-15,iìæËz1Ú21-15,35.6149547,139.7213205
éÉµ«ct,siìæøÌä6Ú5-30,iìæøÌä6Ú5-30,35.6086499,139.7005555
ú{¹ywZt®ct,siìæL¬2Ú16-12,iìæL¬2Ú16-12,35.6099424,139.7253723
ÐÜíèct,siìæ¬R6Ú10-11,,35.6136235,139.6978825
¶³åw®ct,siìæøÌä3Ú2-17,iìæøÌä3Ú2-17,35.6051805,139.7060472
ªªct,siìæiì3Ú24-8,iìæiì3Ú24-8,35.6123249,139.7458315
úìw,siìæÜ½c2-11-1,"iìæÜ½c2-11-1db@3441-3209¬êÑZuúìwvæñúì¬wZÆúìwZ¹Ý",35.6245725,139.7282104
ú{¹êåwZ,siìæãåè2-19-6,,35.6368467,139.7146446
iì¶wqÇà­Bkº,siìæìiì3-7-7,"siìæìiì3-7-7db@5796-6347",35.6073182,139.7450534
}CXN[ªª,siìæªª5-2-1,"siìæªª5-2-1db@3799-1221",35.6040909,139.7534392
æêúì¬wZ,siìæ¼Ü½c6-5-32,iìæ¼Ü½c6-5-32,35.6223866,139.7162216
³çZ^[,siìæ¼Ü½c6-5-1,,35.6225179,139.7166197
¼Ü½cæñÛç,siìæ¼Ü½c6-5-6,"iìæ¼Ü½c6-5-6 db:3493-7288Åñèw }rãü@åèL¬Hw",35.6223588,139.7167412
`´½Ëw,siìæ½Ë3-16-26,"iìæ½Ë3-16-26 db@3782-7770 ¬êÑZu`´½Ëwv ½Ë¬wZÆ`´½ËwZð¹Ý",35.6157510,139.7099159
YÆZpåw@åw,siìæåä1-10-40,iìæåä1-10-40,35.6071249,139.7491044
iìw,siìækiì3-9-30,"kiì3-9-30@db@3474-2671¬êÑZuiìwv iì¬wZÆéìwZ¹Ý",35.6181701,139.7384663
A[g`ChPAÚ,siìæãåè2-10-33,"ãåè2-10-33R~jeB[Xy[XÚ3Kdb:6408-0415ÅñèwJRüÚw",35.6353874,139.7170692
AXNs®OÛç,siìæ¼Ü½c4-1-10,"¼Ü½c4-1-10A[onCs®O1Kdb:5759-8015Åñèw}Úüs®Ow",35.6280393,139.7121873
±®ÜÛç,siìæøÌä2-7-17,"øÌä2-7-17db:3783-0880Åñèw}åä¬üøÌäw",35.6062879,139.7041430
±Á±é,siìæ¼Ü½c2-10-8,"¼Ü½c2-10-8h~¼Ü½chD]211db:5740-6971ÅñèwJRüÜ½cw",35.6270479,139.7208405
³­çåèÛç,siìæåè2-9-4,"åè2-9-4åèEGXgVeB^[Ydb:5745-5500ÅñèwJRüåèw",35.6166532,139.7277528
µÈªíª­Ç¤¦ñ,siìæËz1-21-14,"Ëz1-21-14db:3781-4871Åñèw}rãüËzâÀw",35.6151784,139.7214889
¬wÙAJf~[Agåä¬,siìæåä1-1-1,"åä1-1-1Agåä¬2@3Kdb:5718-3301ÅñèwJRüåä¬w",35.6076547,139.7346818
¬wÙAJf~[¨¨³«wO,siìæåè1-2-3,,35.6228732,139.7268218
¬wÙAJf~[Þ³µ±âÜ,siìæ¬R3-27-5,,35.6197237,139.7032985
½ñÛÛÛçåä,siìæåä2-12-18,"åä2-12-19Mkr2Kdb:3765-2511Åñèwl}süLFw",35.6021512,139.7400291
TK`hYt@[ãåè,siìæãåè3-14-35,"ãåè3-14-35Rèr1Kdb:5422-9798ÅñèwJRüÜ½cw",35.6293901,139.7197374
TK`hYt@[åä,siìæåä3-18-13,,35.5994747,139.7383127
pbgÛçs®O,siìæ¼Ü½c5-12-1,"¼Ü½c5-12-1s®Ow2Kdb:5719-1149Åñèw}Úüs®Ow",35.6256268,139.7137496
Ðæ±ÌÆÛç,siìæåè4-6-3,"åè4-6-3t@VlXEnCc2Kdb:5437-5536ÅñèwJRüåèw",35.6196151,139.7233036
|sYÜ½c,siìæÜ½c2-10-1,"Ü½c2-10-1p[N^[OXJC2Kdb:5475-2110ÅñèwJRüÜ½cw",35.6239195,139.7268672
|sYiì,siìæiì4-12-12,"iì4-12-12db:5796-2103Åñèwèñ©¢üiìV[TChw",35.6075300,139.7489283
ß¾©Ûç,siìæåä3-22-2,,35.5999831,139.7359422
äçèñiìÛç,siìæiì3-7-11,"iì3-7-10@ATG@Parkiì1Kdb:6433-2822Åñèwl}süVnêw",35.6162943,139.7474503
[`FÛçìiì,siìæìiì2-4-7,"ìiì2-4-7AT~r1Kdb:5460-5420Åñèwl}süÂ¨¡w",35.6106478,139.7424651
AXNìåä,siìæìåä6-22-7,"ìåä6-22-7db:5767-9700ÅñèwlküåXw",35.5891868,139.7321784
åä¬Ì¼Ý,siìæñt1-12-18,"ñt1-12-18db:5751-2031Åñèw}åä¬üº_¾w",35.6068475,139.7268257
LbY^EÉµ¨¨¢,siìæ¼åä2-5-21,"¼åä2-5-21db:5718-1332Åñèw¡{êü¼åäw",35.5993503,139.7216212
O[oLbY`´¬,siìæ5-2-1,"5-2-1db:3788-0404Åñèw}åä¬ü`´¬w",35.6037659,139.7073356
O[oLbYËz,siìæËz5-14-23,"Ëz5-14-23db:3786-0808Åñèw}rãü`´w",35.6105561,139.7151913
Æ¤©¢Ç¤,siìæìiì1-2-11,"ìiì1-2-11db:5479-2201Åñèwl}süVnêw",35.6162103,139.7432569
É¶¢ëÛçåè,siìæåè5-4-3,"åè5-4-3db:6417-0486ÅñèwJRRèüåèw",35.6231529,139.7252136
ÜÈÑÌXÛçåèL¬H,siìæ¼Ü½c1-21-8,"¼Ü½c1-21-8db:5434-1044Åñèw}rãüåèL¬Hw",35.6229228,139.7235350
Ý¸Èç,siìæiì3-21-10,"iì3-21-10db:5781-3707Åñèwèñ©¢üiìV[TChw",35.6132438,139.7473748
ÝÇèÌu,siìæ¼åä4-19-11,"¼åä4-19-11db:6303-7091ÅñèwJR¡{êü¼åäw",35.5939552,139.7191813
s§iìÁÊxwZ,siìæìiì6-15-20,ìiì6-15-20,35.6094196,139.7379809
 ¢Ìàè,siìæåä1-16-2,"åä1-16-2 db:3772-7571Åñèw:JRüåä¬w",35.6076290,139.7301940
¤ÝÌ­ÉÛçÆ²µ,siìæËz1-19-18,"Ëz1-19-18GXgËz2K db:6426-2692 Åñèw:scnºSËzw",35.6147529,139.7200975
AWFJÍÜ©í,siìæåä3-18-2,"åä3-18-2 db:6420-0544 Åñèwl}sü§ïìw",35.6006171,139.7385083
O[oLbYåè,siìækiì5-9-15,"kiì5-9-15db:3643-0404ÅñèwJRüåèw",35.6188099,139.7344056
RRt@Ei[T[åè,siìæåè3-6-31,"åè3-6-32db:6431-1861ÅñèwJRüåèw",35.6203247,139.7265176
xlbZåèL¬HÛç,siìæåè4-1-2,"åè4-1-2db:5766-9813Åñèw}rãüåèL¬Hw",35.6225762,139.7228611
`´¼æñÛç,siìæ`´4-5-22,"iìæ`´4-5-22db:3781-8917¹Ý:½Ëct( í¹Ä½Ë·±â©)Åñèw:}Úü ¬Rw",35.6150701,139.7076753
¬ìwct,siìæ¼åä1-6-13,iìæ¼åä1-6-13,35.6023399,139.7265283
BunBuw@Jr Ëz,ssiìæËz5-4-3,"õl Ëz5-4-3@AYiì202db 03-6451-3655Åñèw }åä¬üËzöw",35.6107691,139.7173215
O[oLbY,siìæ4-5-7,"iìæ4-5-7 X^CIwOr2KdbF3788-1525ÅñwF}åä¬üw",35.6055157,139.7126809
|sYi[T[XN[¼Ü½c,siìæ¼Ü½c8-10-8,"¼Ü½c8-10-8dbF5436-2181ÅñwF}rãüåèL¬Hw",35.6195857,139.7195014
AWFJiìÛç,siìæiì4-8-8,"iìæiì4-8-8 V²r1KdbF6433-3065ÅñwFl}süÂ¨¡w",35.6094392,139.7458530
åèÐÜíèÛç,siìæåè3-1-9,"iìæåè3-1-9dbF3495-7600ÅñwF}rãüåèL¬Hw",35.6211136,139.7247181
O[oLbY¼åä,siìæ¼åä6-6-2,"iìæ¼åä6-6-2dbF5742-8525ÅñwFJR¡{êü¼åäw",35.6013955,139.7199764
EBYubNÛçV¤F,iì2-5-5@n[o[r1K,db03-6671-9396,35.6211610,139.7494102
RRt@Ei[T[øÌä,siìæøÌä3-7-2,db03-5749-5101,35.6041741,139.7068953
¾zÌqìiìÛç,siìæìiì5-3-10,db03-5715-7707,35.6117375,139.7417038
LtÌmw,siìæñt1-3-40,iìæñt1-3-40,35.6073523,139.7254991
äaRctEÜ½cæñÛç,siìækiì5-3-1,"ct@dbF03-5795-1523
Ûç@dbF03-5795-1522",35.6227972,139.7317407
LbYK[fiìãåè,siìæãåè4-5-37,dbF03-6431-9273,35.6284110,139.7156819
w¤±Çà,siìæ¼Ü½c2-11-8,dbF03-6431-1300,35.6272671,139.7203377
äaR¬wZ,siìækiì5-2-6,iìækiì5-2-6,35.6233483,139.7322907
