No,{Ý¼Ì,ÚÀÆÈé¬wZ,Ýn,Aæ,Üx,ox,õl
1, ìäNu ,¶æê¬wZ,s¶s ìä1-12-2,042-551-6732,35.746791,139.33393,
2,½ñÛÛNu,¶æñ¬wZ,s¶sFì559-1,042-552-0717,35.72409,139.337734,
3,Õæ2½ñÛÛNu,¶æñ¬wZ,s¶sFì623,042-553-9402,35.72477985,139.33635433,
4,FìNu,¶æñE¶æO¬wZ ,s¶sFì1143-1@scFìAp[g231K,042-539-1587,35.730164,139.341226,
5,³­çNu,¶æO¬wZ,s¶sl163,042-552-8255,35.733801,139.337253,
6,í©¬èNu,¶æl¬wZ,s¶s¶1280-1,042-551-8165,35.746205,139.320818,
7,í©½¯Nu,¶æÜ¬wZ,s¶sFì199-1,042-552-0445,35.718125,139.335006,
8,TÌqNu,¶æZ¬wZ,s¶sÁü½1-20-6,042-552-0446,35.7504,139.325401,
9,cNu,¶æµ¬wZ,s¶sìc3-6-1,042-553-3756,35.730086,139.331015,
10,Õæ2cNu,¶æµ¬wZ,s¶skc1-1-1,042-551-4690,35.7324137,139.3274775,
,,,,,,,
,,,,,,,
,,,,,,,
