No,{Ý¼Ì,Ýn,Aæ,Üx,ox
1,s§ÂÝ«Ûç,s ºRswR]PQ]P,042-563-3842,35.7477322,139.4041286
2, äÝÛç,s ºRs¡T]W]P,042-564-9766,35.7564007,139.4079641
3,ç¬ïÐÜíèÛç,s ºRsåìR]XS]P,042-564-3544,35.7352837,139.4035429
4,ç¬ïß®ÝÛç,s ºRsåìP]RR]R,042-565-3765,35.7415578,139.3979738
5,«µÛç,s ºRsÝP]T]PP,042-560-9922,35.7615572,139.366726
6,¹õOc¡Ûç,s ºRsOc¡R]RU]P0,042-560-3564,35.7548387,139.3717202
7,¹õÎªuÛç,s ºRsÎªuPUP0,042-564-3965,35.7453993,139.4080116
8,ÂÞ¬Ûç,s ºRsÉÞ½T]UU,042-560-0088,35.7385991,139.3741788
9,Ýç¢Ûç,s ºRsåìP]W]P,042-562-3232,35.7424937,139.3941518
10,ÜÇ©Ûç,s ºRs{¬R]S0]R,042-560-1855,35.7585553,139.3815219
11,TVÛç,s ºRsÎªuPVRQ]P,042-561-3959,35.7420525,139.407909
12,ºR¡ÛçuNv,s ºRsP]QW]P,042-562-3141,35.7532034,139.3899491
13,ºR¡Ûçuv,s ºRscxS]X0]P,042-520-7151,35.7495948,139.3673374
