æ¸¯åºåèªå¯ä¿è²åç­ä¸è¦§,Ver201612,,,,,,,,,,,,,,
æ½è¨­ç¨®å¥,å°åº,ä¿è²åå,æå¨å°,ç·¯åº¦,çµåº¦,ç¨®å¥,é»è©±çªå·,å¥åå¯è½æé½¢,ç­æéä¿è²éå§æé,ç­æéä¿è²çµäºæé,æ¨æºæééå§æé,æ¨æºæéçµäºæé,å»¶é·ä¿è²å¯¾è±¡æé½¢,å»¶é·ä¿è²,ä¼åæ¥
èªå¯ä¿è²å,è,èä¿è²å,æ±äº¬é½æ¸¯åºèäºä¸ç®18çª1-101å·,35.6484,139.747716,åºç«,03-3455-4669,3ãæ,9:00,17:00,7:15,18:15,1æ­³ã®èªçæ¥,22ï¼00ã¾ã§,æ¥ã»ç¥ã»å¹´æ«å¹´å§
èªå¯ä¿è²å,è,ç¥æä¿è²å,æ±äº¬é½æ¸¯åºæµæ¾çºä¸ä¸ç®6çª7å·,35.658802,139.757421,åºç«,03-5733-6822,3ãæ,9:00,17:00,7:15,18:15,1æ­³ã®èªçæ¥,6ï¼15ãã22ï¼00ã¾ã§,1æ­³ã®èªçæ¥
èªå¯ä¿è²å,è,èå¬åä¿è²å,æ±äº¬é½æ¸¯åºèå¬åäºä¸ç®7çª3å·,35.654291,139.750533,åºç«,03-3438-0435,57æ¥,9:00,17:00,7:15,18:15,1æ­³ã®èªçæ¥,20ï¼15ã¾ã§,æ¥ã»ç¥ã»å¹´æ«å¹´å§
èªå¯ä¿è²å,è,ã¢ã¹ã¯èå¬åä¿è²å,æ±äº¬é½æ¸¯åºèäºä¸ç®12çª16å·,35.651603,139.752593,ç§ç«,03-5439-9398,57æ¥,9:00,17:00,7:15,18:15,1æ­³ã®èªçæ¥,20ï¼15ã¾ã§,æ¥ã»ç¥ã»å¹´æ«å¹´å§
èªå¯ä¿è²å,è,å¤ªé½ã®å­ä¸ç°ä¿è²å,æ±äº¬é½æ¸¯åºä¸ç°ä¸ä¸ç®2çª18å·ãTTD PLAZAãã«2é,35.655004,139.740635,ç§ç«,03-5439-6390,57æ¥,9:00,17:00,7:15,18:15,57æ¥,20ï¼15ã¾ã§,æ¥ã»ç¥ã»å¹´æ«å¹´å§
èªå¯ä¿è²å,è,ã°ã­-ãã«ã­ããºèãéä¿è²å,æ±äº¬é½æ¸¯åºèãéä¸ä¸ç®19çª13å·ãèãéã¹ããªãããã«3é,35.663091,139.74683,ç§ç«,03-6453-9325,57æ¥,9:00,17:00,7:15,18:15,57æ¥,20ï¼15ã¾ã§,æ¥ã»ç¥ã»å¹´æ«å¹´å§
èªå¯ä¿è²å,è,ããä¿è²åèµ¤ç¾½æ©,æ±äº¬é½æ¸¯åºä¸ç°ä¸ä¸ç®3çª31å·ãForecastä¸ç° 2é,35.654526,139.74357,ç§ç«,03-5473-7668,57æ¥,9:00,17:00,7:15,18:15,57æ¥,20ï¼15ã¾ã§,æ¥ã»ç¥ã»å¹´æ«å¹´å§
èªå¯ä¿è²å,éº»å¸,åéº»å¸ä¿è²å,æ±äº¬é½æ¸¯åºåéº»å¸åä¸ç®2çª29-101å·,35.647872,139.72407,åºç«,03-3442-8068,3ãæ,9:00,17:00,7:15,18:15,1æ­³ã®èªçæ¥,20ï¼15ã¾ã§,æ¥ã»ç¥ã»å¹´æ«å¹´å§
èªå¯ä¿è²å,éº»å¸,æ¬æä¿è²å,æ±äº¬é½æ¸¯åºåéº»å¸ä¸ç®åä¸ç®6çª7å·,35.651113,139.727587,åºç«,03-3444-2385,3ãæ,9:00,17:00,7:15,18:15,1æ­³ã®èªçæ¥,20ï¼15ã¾ã§,æ¥ã»ç¥ã»å¹´æ«å¹´å§
èªå¯ä¿è²å,éº»å¸,è¥¿éº»å¸ä¿è²å,"æ±äº¬é½æ¸¯åºè¥¿éº»å¸äºä¸ç®13çª3å·",35.660833,139.722718,åºç«,03-3409-4924,3ãæ,9:00,17:00,7:15,18:15,1æ­³ã®èªçæ¥,20ï¼15ã¾ã§,æ¥ã»ç¥ã»å¹´æ«å¹´å§
èªå¯ä¿è²å,éº»å¸,éº»å¸ä¿è²å,æ±äº¬é½æ¸¯åºå­æ¬æ¨äºä¸ç®16çª46å·,35.660657,139.735091,åºç«,03-5545-7135,3ãæ,9:00,17:00,7:15,18:15,1æ­³ã®èªçæ¥,20ï¼15ã¾ã§,æ¥ã»ç¥ã»å¹´æ«å¹´å§
èªå¯ä¿è²å,éº»å¸,é£¯åä¿è²å,æ±äº¬é½æ¸¯åºæ±éº»å¸ä¸ä¸ç®21çª2å·,35.655912,139.743532,åºç«,03-3583-1786,3ãæ,9:00,17:00,7:15,18:15,1æ­³ã®èªçæ¥,20ï¼15ã¾ã§,æ¥ã»ç¥ã»å¹´æ«å¹´å§
èªå¯ä¿è²å,éº»å¸,ã¾ãªã³ã®æ£®ä¿è²åéº»å¸,æ±äº¬é½æ¸¯åºåéº»å¸ä¸ä¸ç®8çª11å·ãæ±çºå°å­¦æ ¡å,35.650887,139.735832,ç§ç«,03-3455-3066,57æ¥,8:30,16:30,7:15,18:15,1æ­³ã®èªçæ¥ ã®ç¿æ¥,20ï¼15ã¾ã§,æ¥ã»ç¥ã»å¹´æ«å¹´å§
èªå¯ä¿è²å,éº»å¸,ããä¿è²ååéº»å¸,æ±äº¬é½æ¸¯åºåéº»å¸äºä¸ç®11çª10å·ãOJãã«3é,35.647686,139.735729,ç§ç«,03-6453-7970,57æ¥,9:00,17:00,7:15,18:15,57æ¥,20ï¼15ã¾ã§,æ¥ã»ç¥ã»å¹´æ«å¹´å§
èªå¯ä¿è²å,éº»å¸,å¤ªé½ã®å­åéº»å¸ä¿è²å,æ±äº¬é½æ¸¯åºåéº»å¸åä¸ç®11çª30å·ãåéº»å¸æ¸è°·ãã«ã2é,35.646992,139.727149,ç§ç«,03-5488-8070,57æ¥,9:00,17:00,7:15,18:15,57æ¥,20ï¼15ã¾ã§,æ¥ã»ç¥ã»å¹´æ«å¹´å§
èªå¯ä¿è²å,éº»å¸,ããä¿è²ååéº»å¸,æ±äº¬é½æ¸¯åºåéº»å¸ä¸ä¸ç®2çª19å·ãMOMONå­æ¬æ¨ãã« 2é,35.657381,139.727326,ç§ç«,03-6447-1871,57æ¥,9:00,17:00,7:15,18:15,57æ¥,20ï¼15ã¾ã§,æ¥ã»ç¥ã»å¹´æ«å¹´å§
èªå¯ä¿è²å,éº»å¸,ã¾ã¡ã®ä¿è²åå­æ¬æ¨,æ±äº¬é½æ¸¯åºå­æ¬æ¨ä¸ä¸ç®9çª10å·ãã¢ã¼ã¯ãã«ãºä»ç³å±±æ£®ã¿ã¯ã¼,35.663588,139.741813,ç§ç«,03-6441-2478,57æ¥,9:00,17:00,7:30,18:30,1æ­³ã®èªçæ¥ ãéããç¿æ 1æ¥,20ï¼30ã¾ã§,æ¥ã»ç¥ã»å¹´æ«å¹´å§
èªå¯ä¿è²å,éº»å¸,ã¾ã¡ã®ä¿è²åå­æ¬æ¨åå,æ±äº¬é½æ¸¯åºå­æ¬æ¨ä¸ä¸ç®9çª10å·ãã¢ã¼ã¯ãã«ãºä»ç³å±±æ£®ã¿ã¯ã¼,35.663636,139.74188,ç§ç«,03-6450-1726,57æ¥,9:00,17:00,7:30,18:30,1æ­³ã®èªçæ¥ ãéããç¿æ 1æ¥,20ï¼30ã¾ã§,æ¥ã»ç¥ã»å¹´æ«å¹´å§
èªå¯ä¿è²å,èµ¤å,èµ¤åä¿è²å,æ±äº¬é½æ¸¯åºèµ¤åäºä¸ç®5çª26-101å·,35.671125,139.734061,åºç«,03-3583-2156,3ãæ,9:00,17:00,7:15,18:15,1æ­³ã®èªçæ¥,20ï¼15ã¾ã§,æ¥ã»ç¥ã»å¹´æ«å¹´å§
èªå¯ä¿è²å,èµ¤å,åéå±±ä¿è²å,æ±äº¬é½æ¸¯åºåéå±±ä¸ä¸ç®3çª15å·,35.671188,139.725527,åºç«,03-3401-1650,3ãæ,9:00,17:00,7:15,18:15,1æ­³ã®èªçæ¥,20ï¼15ã¾ã§,æ¥ã»ç¥ã»å¹´æ«å¹´å§
èªå¯ä¿è²å,èµ¤å,éå±±ä¿è²å,æ±äº¬é½æ¸¯åºåéå±±ä¸ä¸ç®4çª14-101å·,35.668127,139.71402,åºç«,03-3401-1723,57æ¥,9:00,17:00,7:15,18:15,1æ­³ã®èªçæ¥,20ï¼15ã¾ã§,æ¥ã»ç¥ã»å¹´æ«å¹´å§
èªå¯ä¿è²å,èµ¤å,èµ¤åã¡ã¨ãä¿è²å,æ±äº¬é½æ¸¯åºèµ¤ååä¸ç®7çª15å·ãé½æ ååãã«1é,35.675503,139.734069,ç§ç«,03-6459-1012,57æ¥,9:00,17:00,7:15,18:15,57æ¥,20ï¼15ã¾ã§,æ¥ã»ç¥ã»å¹´æ«å¹´å§
èªå¯ä¿è²å,èµ¤å,å¤ªé½ã®å­èµ¤åä¿è²å,æ±äº¬é½æ¸¯åºèµ¤åå«ä¸ç®12çª16å·ãNOZYAKASAKA1éã2éã3é,35.669165,139.729383,ç§ç«,03-6434-9431,57æ¥,9:00,17:00,7:15,18:15,57æ¥,20ï¼15ã¾ã§,æ¥ã»ç¥ã»å¹´æ«å¹´å§
èªå¯ä¿è²å,èµ¤å,ããä¿è²åéå±±ä¸ä¸ç®,æ±äº¬é½æ¸¯åºåéå±±ä¸ä¸ç®3çª1å·ããã¼ã¯ã¢ã¯ã·ã¹éå±±ä¸ä¸ç®ã¿ã¯ã¼2é,35.671674,139.725591,ç§ç«,03-6459-2860,57æ¥,9:00,17:00,7:15,18:15,57æ¥,20ï¼15ã¾ã§,æ¥ã»ç¥ã»å¹´æ«å¹´å§
èªå¯ä¿è²å,èµ¤å,å¤ªé½ã®å­åéå±±ä¿è²å,æ±äº¬é½æ¸¯åºåéå±±åä¸ç®1çª6å·ãã»ãã³åéå±±1éã2é,35.667301,139.719068,ç§ç«,03-5413-5512,57æ¥,9:00,17:00,7:15,18:15,57æ¥,20ï¼15ã¾ã§,æ¥ã»ç¥ã»å¹´æ«å¹´å§
èªå¯ä¿è²å,èµ¤å,å°å­¦é¤¨ã¢ã«ãã-åéå±±ä¿è²å,æ±äº¬é½æ¸¯åºåéå±±åä¸ç®15çª8å·ãåéå±±246ãã«,35.66495,139.718306,ç§ç«,03-5770-1512,57æ¥,9:00,17:00,7:15,18:15,57æ¥,20ï¼15ã¾ã§,æ¥ã»ç¥ã»å¹´æ«å¹´å§
èªå¯ä¿è²å,é«è¼ª,ä¼ç¿å­åä¿è²å,æ±äº¬é½æ¸¯åºä¸ç°åä¸ç®19çª30å·,35.640411,139.738726,åºç«,03-3444-7601,3ãæ,9:00,17:00,7:15,18:15,1æ­³ã®èªçæ¥,20ï¼15ã¾ã§,æ¥ã»ç¥ã»å¹´æ«å¹´å§
èªå¯ä¿è²å,é«è¼ª,é«è¼ªä¿è²å,æ±äº¬é½æ¸¯åºé«è¼ªä¸ä¸ç®18çª15å·,35.633207,139.735724,åºç«,03-3449-1641,57æ¥,9:00,17:00,7:15,18:15,1æ­³ã®èªçæ¥,20ï¼15ã¾ã§,æ¥ã»ç¥ã»å¹´æ«å¹´å§
èªå¯ä¿è²å,é«è¼ª,ç½éä¿è²å,æ±äº¬é½æ¸¯åºç½éä¸ä¸ç®10çª12å·,35.644936,139.731076,åºç«,03-3441-5076,3ãæ,9:00,17:00,7:15,18:15,1æ­³ã®èªçæ¥,20ï¼15ã¾ã§,æ¥ã»ç¥ã»å¹´æ«å¹´å§
èªå¯ä¿è²å,é«è¼ª,å¤ªé½ã®å­ä¸ç°äºä¸ç®ä¿è²å,æ±äº¬é½æ¸¯åºä¸ç°äºä¸ç®4çª3å·ãä¸ç°ãã©ã¶ãã«3é,35.647706,139.738902,ç§ç«,03-5439-6775,57æ¥,9:00,17:00,7:15,18:15,57æ¥,20ï¼15ã¾ã§,æ¥ã»ç¥ã»å¹´æ«å¹´å§
èªå¯ä¿è²å,é«è¼ª,ã¿ãªã¨ä¿è²å,æ±äº¬é½æ¸¯åºé«è¼ªä¸ä¸ç®6çª9å·,35.642366,139.735335,ç§ç«,03-3443-3406,43æ¥,9:00,17:00,7:30,18:30,43æ¥,19ï¼30ã¾ã§,æ¥ã»ç¥ã»å¹´æ«å¹´å§
èªå¯ä¿è²å,é«è¼ª,ææä¿è²å,æ±äº¬é½æ¸¯åºé«è¼ªä¸ä¸ç®27çª40å·,35.63676,139.731967,ç§ç«,03-3441-5410,3ãæ,9:00,17:00,7:00,18:00,1æ­³ã®èªçæ¥,20ï¼15ã¾ã§,æ¥ã»ç¥ã»å¹´æ«å¹´å§
èªå¯ä¿è²å,é«è¼ª,ããããé«è¼ªä¿è²å,æ±äº¬é½æ¸¯åºé«è¼ªä¸ä¸ç®5çª38å·ãHUGé«è¼ª1éã2é,35.641758,139.736717,ç§ç«,03-5422-6170,57æ¥,9:00,17:00,7:15,18:15,1æ­³ã®èªçæ¥,20ï¼15ã¾ã§,æ¥ã»ç¥ã»å¹´æ«å¹´å§
èªå¯ä¿è²å,é«è¼ª,é«è¼ªå¤¢ä¿è²å,æ±äº¬é½æ¸¯åºé«è¼ªä¸ä¸ç®25çª33å·ãé·ç°ãã«3é,35.631944,139.737918,ç§ç«,03-5791-9680,57æ¥,9:15,17:15,7:15,18:15,æº5ãæ,20ï¼15ã¾ã§,æ¥ã»ç¥ã»å¹´æ«å¹´å§
èªå¯ä¿è²å,é«è¼ª,ããããç½éä¿è²å,æ±äº¬é½æ¸¯åºç½éä¸ä¸ç®26çª10å·ãç½éK-FLAT 1éã2éã®ä¸é¨,35.643907,139.733517,ç§ç«,03-6409-6310,57æ¥,9:00,17:00,7:15,18:15,1æ­³ã®èªçæ¥,20ï¼15ã¾ã§,æ¥ã»ç¥ã»å¹´æ«å¹´å§
èªå¯ä¿è²å,é«è¼ª,ã¿ã¤ã°ã¡ä¿è²å,æ±äº¬é½æ¸¯åºç½éåä¸ç®7çª2å·,35.642807,139.727554,ç§ç«,03-3444-8767,43æ¥,9:00,17:00,7:15,18:15,43æ¥,19ï¼15ã¾ã§,æ¥ã»ç¥ã»å¹´æ«å¹´å§
èªå¯ä¿è²å,é«è¼ª,ããã¤ã­ããºç½éå°ä¿è²å,æ±äº¬é½æ¸¯åºç½éå°äºä¸ç®26çª10å·ãã°ãªã¼ã³ãªã¼ã¯é«è¼ªå°ã2é,35.631759,139.729917,ç§ç«,03-5791-2161,57æ¥,9:00,17:00,7:15,18:15,1æ­³ã®èªçæ¥,20ï¼15ã¾ã§,æ¥ã»ç¥ã»å¹´æ«å¹´å§
èªå¯ä¿è²å,èæµ¦æ¸¯å,ãã°ããä¿è²å,æ±äº¬é½æ¸¯åºèæµ¦ä¸ä¸ç®1çª16å·,35.645136,139.750214,åºç«,03-5232-1130,3ãæ,9:00,17:00,7:15,18:15,1æ­³ã®èªçæ¥,22ï¼00ã¾ã§,å¹´æ«å¹´å§
èªå¯ä¿è²å,èæµ¦æ¸¯å,ãããªãä¿è²å,æ±äº¬é½æ¸¯åºæ¸¯ååä¸ç®2çª3-101å·,35.629827,139.747918,åºç«,03-3450-3800,57æ¥,9:00,17:00,7:15,18:15,1æ­³ã®èªçæ¥,20ï¼15ã¾ã§,æ¥ã»ç¥ã»å¹´æ«å¹´å§
èªå¯ä¿è²å,èæµ¦æ¸¯å,å°å ´ä¿è²å,æ±äº¬é½æ¸¯åºå°å ´ä¸ä¸ç®5çª1å·,35.630085,139.777068,åºç«,03-5781-0255,3ãæ,9:00,17:00,7:15,18:15,1æ­³ã®èªçæ¥,22ï¼00ã¾ã§,å¹´æ«å¹´å§
èªå¯ä¿è²å,èæµ¦æ¸¯å,ããã¯ã¾ä¿è²å,æ±äº¬é½æ¸¯åºæ¸¯ååä¸ç®3çª7å·,35.631151,139.749972,åºç«,03-5500-2360,3ãæ,9:00,17:00,7:15,18:15,1æ­³ã®èªçæ¥,20ï¼15ã¾ã§,æ¥ã»ç¥ã»å¹´æ«å¹´å§
èªå¯ä¿è²å,èæµ¦æ¸¯å,å¤ªé½ã®å­ã·-ãã³ã¹ä¿è²å,æ±äº¬é½æ¸¯åºèæµ¦ä¸ä¸ç®2çª2å·ãã·ã¼ãã³ã¹ã¢ã¢ã¼ã«3é,35.649696,139.756524,ç§ç«,03-5439-4014,57æ¥,9:00,17:00,7:15,18:15,57æ¥,20ï¼15ã¾ã§,æ¥ã»ç¥ã»å¹´æ«å¹´å§
èªå¯ä¿è²å,èæµ¦æ¸¯å,å¤ªé½ã®å­èæµ¦ä¸ä¸ç®ä¿è²å,æ±äº¬é½æ¸¯åºèæµ¦ä¸ä¸ç®9çª7å·ãèæµ¦ããã ããã«2éã3é,35.648178,139.753541,ç§ç«,03-5439-5251,57æ¥,9:00,17:00,7:15,18:15,57æ¥,20ï¼15ã¾ã§,æ¥ã»ç¥ã»å¹´æ«å¹´å§
èªå¯ä¿è²å,èæµ¦æ¸¯å,ã¢ã³ã¸ã§ãªã«ç°çºä¿è²å,æ±äº¬é½æ¸¯åºèæµ¦ä¸ä¸ç®6çª41å·ãã°ã­ã¼ãã«ãã­ã³ãã¿ã¯ã¼1é,35.647586,139.75497,ç§ç«,03-6435-2157,57æ¥,9:00,17:00,7:30,18:30,57æ¥,20ï¼30ã¾ã§,æ¥ã»ç¥ã»å¹´æ«å¹´å§
èªå¯ä¿è²å,èæµ¦æ¸¯å,ã«ãã®ãããä¿è²åèæµ¦,æ±äº¬é½æ¸¯åºèæµ¦äºä¸ç®3çª31å·ãé«åãã« 2é,35.644138,139.754543,ç§ç«,03-6435-3804,57æ¥,9:00,17:00,7:15,18:15,"1æ­³ã®èªçæ¥ãéããç¿æ1 æ¥",20ï¼15ã¾ã§,æ¥ã»ç¥ã»å¹´æ«å¹´å§
èªå¯ä¿è²å,èæµ¦æ¸¯å,å¤ªé½ã®å­èæµ¦äºä¸ç®ä¿è²å,æ±äº¬é½æ¸¯åºèæµ¦äºä¸ç®17çª9å·ãå¤§åãã«1é,35.644917,139.752268,ç§ç«,03-5418-7767,57æ¥,9:00,17:00,7:15,18:15,57æ¥,20ï¼15ã¾ã§,æ¥ã»ç¥ã»å¹´æ«å¹´å§
èªå¯ä¿è²å,èæµ¦æ¸¯å,å¤ªé½ã®å­èæµ¦ä¸ä¸ç®ä¿è²å,æ±äº¬é½æ¸¯åºèæµ¦ä¸ä¸ç®20çª2å·ãå±±æ¥½ãã«2é3é,35.642236,139.746501,ç§ç«,03-5439-6206,57æ¥,9:00,17:00,7:15,18:15,57æ¥,20ï¼15ã¾ã§,æ¥ã»ç¥ã»å¹´æ«å¹´å§
èªå¯ä¿è²å,èæµ¦æ¸¯å,ã¢ã¹ã¯èæµ¦4ä¸ç®ä¿è²å,æ±äº¬é½æ¸¯åºèæµ¦åä¸ç®12çª28å·,35.639594,139.749084,ç§ç«,03-6435-2855,57æ¥,9:00,17:00,7:15,18:15,1æ­³ã®èªçæ¥,20ï¼15ã¾ã§,æ¥ã»ç¥ã»å¹´æ«å¹´å§
èªå¯ä¿è²å,èæµ¦æ¸¯å,ããããæ¸¯åä¿è²å,æ±äº¬é½æ¸¯åºæ¸¯åä¸ä¸ç®6çª27å·ãSSJåå·ãã«2F,35.62962,139.745437,ç§ç«,03-6712-1188,57æ¥,9:00,17:00,7:15,18:15,1æ­³ã®èªçæ¥,20ï¼15ã¾ã§,æ¥ã»ç¥ã»å¹´æ«å¹´å§
èªå¯ä¿è²å,èæµ¦æ¸¯å,ã°ã­-ãã«ã­ããºæ¸¯åä¿è²å,æ±äº¬é½æ¸¯åºæ¸¯ååä¸ç®1çª8å·ããªãã¼ã¸ã¥åå·2é,35.629617,139.746672,ç§ç«,03-3450-6130,57æ¥,9:00,17:00,7:15,18:15,57æ¥,20ï¼15ã¾ã§,æ¥ã»ç¥ã»å¹´æ«å¹´å§
èªå¯ä¿è²å,èæµ¦æ¸¯å,ãããã»æ¸¯åä¿è²å,æ±äº¬é½æ¸¯åºæ¸¯ååä¸ç®6çª7å·,35.627761,139.750726,ç§ç«,03-5783-5871,57æ¥,9:00,17:00,7:00,18:00,1æ­³ã®èªçæ¥,22ï¼00ã¾ã§,æ¥ã»ç¥ã»å¹´æ«å¹´å§
èªå®ãã©ãå,èæµ¦æ¸¯å,èæµ¦ã¢ã¤ã©ã³ããã©ãå,æ±äº¬é½æ¸¯åºèæµ¦åä¸ç®20çª1å·,35.640426,139.752365,åºç«,03-5443-7337,57æ¥,9:00,17:00,7:15,18:15,1æ­³ã®èªçæ¥,22ï¼00ã¾ã§,å¹´æ«å¹´å§
å°è¦æ¨¡ä¿è²æ½è¨­,èµ¤å,ãããããèµ¤å,æ±äº¬é½æ¸¯åºèµ¤ååä¸ç®14çª14å·,35.6734406,139.7313922,ç§ç«,03-6277-8555,3ãæ,9:00,17:00,7:30,18:30,1æ­³ã®èªçæ¥,19ï¼30ã¾ã§,æ¥ã»ç¥ã»å¹´æ«å¹´å§
å°è¦æ¨¡ä¿è²æ½è¨­,èæµ¦æ¸¯å,æ¸¯åããããä¿è²å,æ±äº¬é½æ¸¯åºæ¸¯åä¸ä¸ç®8çª1å·ãæ£®æ°¸ä¹³æ¥­æ¸¯åãã«1é,35.6320239,139.7500836,ç§ç«,03-6712-1988,3ãæ,9:00,17:00,7:15,18:15,1æ­³ã®èªçæ¥,20ï¼15ã¾ã§,æ¥ã»ç¥ã»å¹´æ«å¹´å§
æ¸¯åºä¿è²å®¤,è,èäºä¸ç®ä¿è²å®¤,æ±äº¬é½æ¸¯åºèäºä¸ç®36çª4å·ï¼2015å¹´11æ1æ¥éè¨­ï¼,35.644993,139.745252,å§è¨,03-6435-2088,3ãæ,9:00,17:00,7:15,18:15,1æ­³ã®èªçæ¥,20ï¼15ã¾ã§,æ¥ã»ç¥ã»å¹´æ«å¹´å§
æ¸¯åºä¿è²å®¤,è,æµæ¾çºäºä¸ç®ä¿è²å®¤,æ±äº¬é½æ¸¯åºæµæ¾çºäºä¸ç®3çª20å·,35.654962,139.755449,å§è¨,03-6435-9507,3ãæ,9:00,17:00,7:15,18:15,1æ­³ã®èªçæ¥,20ï¼15ã¾ã§,æ¥ã»ç¥ã»å¹´æ«å¹´å§
æ¸¯åºä¿è²å®¤,è,æå®ä¿è²å®¤,æ±äº¬é½æ¸¯åºæå®ä¸ä¸ç®7çª5å·,35.66452,139.749401,å§è¨,03-3433-2671,3ãæ,9:00,17:00,7:15,18:15,1æ­³ã®èªçæ¥,20ï¼15ã¾ã§,æ¥ã»ç¥ã»å¹´æ«å¹´å§
æ¸¯åºä¿è²å®¤,éº» å¸,åéº»å¸ä¸ä¸ç®ä¿è²å®¤,æ±äº¬é½æ¸¯åºåéº»å¸ä¸ä¸ç®5çª15å·,35.651044,139.730423,å§è¨,03-3443-5711,3ãæ,9:00,17:00,7:15,18:15,1æ­³ã®èªçæ¥,20ï¼15ã¾ã§,æ¥ã»ç¥ã»å¹´æ«å¹´å§
æ¸¯åºä¿è²å®¤,éº» å¸,æ±éº»å¸ä¿è²å®¤,æ±äº¬é½æ¸¯åºæ±éº»å¸äºä¸ç®1çª1å·,35.658203,139.742559,å§è¨,03-3584-3811,3ãæ,9:00,17:00,7:15,18:15,1æ­³ã®èªçæ¥,20ï¼15ã¾ã§,æ¥ã»ç¥ã»å¹´æ«å¹´å§
æ¸¯åºä¿è²å®¤,èµ¤ å,éåä¿è²å®¤,æ±äº¬é½æ¸¯åºåéå±±åä¸ç®19çª18å·,35.66396,139.716584,å§è¨,03-5770-3933,3ãæ,9:00,17:00,7:15,18:15,1æ­³ã®èªçæ¥,20ï¼15ã¾ã§,æ¥ã»ç¥ã»å¹´æ«å¹´å§
æ¸¯åºä¿è²å®¤,èµ¤ å,ç¬¬äºéåä¿è²å®¤,æ±äº¬é½æ¸¯åºåéå±±åä¸ç®19çª5å·,35.664202,139.716788,å§è¨,03-5770-5366,3ã´æ,9:00,17:00,7:15,18:15,ï¼æ­³ã®èªçæ¥,20ï¼15ã¾ã§,æ¥ã»ç¥ã»å¹´æ«å¹´å§
æ¸¯åºä¿è²å®¤,é« è¼ª,æ¡åä¿è²å®¤,æ±äº¬é½æ¸¯åºé«è¼ªä¸ä¸ç®19çª36å·,35.633431,139.737205,å§è¨,03-5475-6646,3ãæ,9:00,17:00,7:15,18:15,1æ­³ã®èªçæ¥,20ï¼15ã¾ã§,æ¥ã»ç¥ã»å¹´æ«å¹´å§
æ¸¯åºä¿è²å®¤,é« è¼ª,å¿ç°çºä¿è²å®¤,æ±äº¬é½æ¸¯åºç½éä¸ä¸ç®11çª16å·,35.645795,139.73367,å§è¨,03-6277-2582,3ãæ,9:00,17:00,7:15,18:15,1æ­³ã®èªçæ¥,20ï¼15ã¾ã§,æ¥ã»ç¥ã»å¹´æ«å¹´å§
æ¸¯åºä¿è²å®¤,èæµ¦æ¸¯å,ãã¾ã¡ä¿è²å®¤,æ±äº¬é½æ¸¯åºèæµ¦ä¸ä¸ç®4çª1å·ãã°ã©ã³ãã¼ã¯ãã©ã¶æ£,35.643735,139.745528,å§è¨,03-5484-6088,3ãæ,9:00,17:00,7:15,18:15,1æ­³ã®èªçæ¥,20ï¼15ã¾ã§,æ¥ã»ç¥ã»å¹´æ«å¹´å§
æ¸¯åºä¿è²å®¤,èæµ¦æ¸¯å,èæµ¦æ©ä¿è²å®¤,æ±äº¬é½æ¸¯åºèæµ¦åä¸ç®6çª8å·ãç°çºãã¡ã¼ã¹ããã«2é,35.638959,139.74483,å§è¨,03-6865-1004,3ãæ,9:00,17:00,7:15,18:15,1æ­³ã®èªçæ¥,20ï¼15ã¾ã§,æ¥ã»ç¥ã»å¹´æ«å¹´å§
æ¸¯åºä¿è²å®¤,èæµ¦æ¸¯å,æ¸¯ååä¸ç®ä¿è²å®¤,æ±äº¬é½æ¸¯åºæ¸¯ååä¸ç®2çª4å·,35.630213,139.747604,å§è¨,03-5796-8863,3ãæ,9:00,17:00,7:15,18:15,1æ­³ã®èªçæ¥,20ï¼15ã¾ã§,æ¥ã»ç¥ã»å¹´æ«å¹´å§
