ï»¿"ID","ç·¯åº¦","çµåº¦","åç§°","éµä¾¿çªå·","ä½æ,é»è©±çªå·","äºå®å®å¡","å°å­¦æ ¡åº","è¨­ç½®å½¢æ","åºæ¬æé","åææ¥ã»æ¥å¤å¬ä¼ã¿æé","å»¶é·ä¿è²","åææ¥ã»æ¥å¤å¬ä¼ã¿æé","ä¼é¤¨æ¥"
1,35.656121,139.297399,é·æ¿,193-0824,æ±äº¬é½å«çå­å¸é·æ¿çº341,042-663-6487,70å,é·æ¿å°å­¦æ ¡,åç«¥é¤¨ä½µè¨­,ä¸æ ¡æï½18æ30å,8æ30åï½18æ30å,18æ30åï½19æ30å,8æï½8æ30åã»18æ30åï½19æ30å,æ¥ææ¥ã»ç¥æ¥ã»å¹´æ«å¹´å§ï¼12æ29æ¥ï½1æ3æ¥ï¼
2,35.669719,139.292013,åå«çå­ï¼ç¬¬1ç¬¬2ã¯ã©ãï¼,193-0822,æ±äº¬é½å«çå­å¸å¼åæ¹çº761,042-625-6493,116å,åå«çå­å°å­¦æ ¡,å­¦æ ¡æ·å°åãã¬ãã,ä¸æ ¡æï½18æ31å,8æ30åï½18æ31å,18æ30åï½19æ31å,8æï½8æ30åã»18æ30åï½19æ31å,æ¥ææ¥ã»ç¥æ¥ã»å¹´æ«å¹´å§ï¼12æ29æ¥ï½1æ4æ¥ï¼
3,35.674575,139.325307,ä¸­é,192-0042,æ±äº¬é½å«çå­å¸ä¸­éå±±ç3-6-27,042-624-9561,70å,ä¸­éåå°å­¦æ ¡,åç«¥é¤¨ä½µè¨­,ä¸æ ¡æï½18æ32å,8æ30åï½18æ32å,18æ30åï½19æ32å,8æï½8æ30åã»18æ30åï½19æ32å,æ¥ææ¥ã»ç¥æ¥ã»å¹´æ«å¹´å§ï¼12æ29æ¥ï½1æ5æ¥ï¼
4,35.645793,139.356297,åéï¼ç¬¬1ç¬¬2ã¯ã©ãï¼,192-0911,æ±äº¬é½å«çå­å¸æè¶çº348-1,042-645-8588,120å,ç±äºç¬¬ä¸å°å­¦æ ¡,å­¦æ ¡æ·å°åãã¬ãã,ä¸æ ¡æï½18æ33å,8æ30åï½18æ33å,18æ30åï½19æ33å,8æï½8æ30åã»18æ30åï½19æ33å,æ¥ææ¥ã»ç¥æ¥ã»å¹´æ«å¹´å§ï¼12æ29æ¥ï½1æ6æ¥ï¼
5,35.692682,139.282172,å·å£ï¼ç¬¬1ç¬¬2ã¯ã©ãï¼,193-0801,æ±äº¬é½å«çå­å¸å·å£çº3974,042-654-4758,120å,å·å£å°å­¦æ ¡,åç«¥é¤¨ä½µè¨­,ä¸æ ¡æï½18æ34å,8æ30åï½18æ34å,18æ30åï½19æ34å,8æï½8æ30åã»18æ30åï½19æ34å,æ¥ææ¥ã»ç¥æ¥ã»å¹´æ«å¹´å§ï¼12æ29æ¥ï½1æ7æ¥ï¼
6,35.629367,139.384379,ç±æ¨ï¼ç¬¬1ç¬¬2ã¯ã©ãï¼,192-0361,æ±äº¬é½å«çå­å¸è¶é692-1,042-676-8733,120å,ç±æ¨ä¸­å¤®å°å­¦æ ¡,åç«¥é¤¨ä½µè¨­,ä¸æ ¡æï½18æ35å,8æ30åï½18æ35å,18æ30åï½19æ35å,8æï½8æ30åã»18æ30åï½19æ35å,æ¥ææ¥ã»ç¥æ¥ã»å¹´æ«å¹´å§ï¼12æ29æ¥ï½1æ8æ¥ï¼
7,35.639243,139.28184,æµå·ï¼ç¬¬1ç¬¬2ã¯ã©ãï¼,193-0845,æ±äº¬é½å«çå­å¸åæ²¢çº1323,042-665-2539,120å,æµå·å°å­¦æ ¡,åç«¥é¤¨ä½µè¨­,ä¸æ ¡æï½18æ36å,8æ30åï½18æ36å,18æ30åï½19æ36å,8æï½8æ30åã»18æ30åï½19æ36å,æ¥ææ¥ã»ç¥æ¥ã»å¹´æ«å¹´å§ï¼12æ29æ¥ï½1æ9æ¥ï¼
8,35.642337,139.327783,ç±äºï¼ç¬¬1ç¬¬2ã¯ã©ãï¼,193-0934,æ±äº¬é½å«çå­å¸å°æ¯ä¼çº1201,042-635-4762,110å,ç±äºç¬¬ä¸å°å­¦æ ¡,å­¦æ ¡æ·å°åãã¬ãã,ä¸æ ¡æï½18æ37å,8æ30åï½18æ37å,18æ30åï½19æ37å,8æï½8æ30åã»18æ30åï½19æ37å,æ¥ææ¥ã»ç¥æ¥ã»å¹´æ«å¹´å§ï¼12æ29æ¥ï½1æ10æ¥ï¼
9,35.652769,139.298019,æ¨ªå±±ï¼ç¬¬1ç¬¬2ã¯ã©ãï¼,193-0824,æ±äº¬é½å«çå­å¸é·æ¿çº450,042-661-1299,96å,æ¨ªå±±ç¬¬äºå°å­¦æ ¡,å­¦æ ¡å¤æ½è¨­,ä¸æ ¡æï½18æ38å,8æ30åï½18æ38å,18æ30åï½19æ38å,8æï½8æ30åã»18æ30åï½19æ38å,æ¥ææ¥ã»ç¥æ¥ã»å¹´æ«å¹´å§ï¼12æ29æ¥ï½1æ11æ¥ï¼
10,35.684822,139.283955,ä¸å£±åæ¹ï¼ç¬¬1ç¬¬2ã¯ã©ãï¼,193-0811,æ±äº¬é½å«çå­å¸ä¸å£±åæ¹çº799-2,042-652-1891,103å,ä¸å£±åæ¹å°å­¦æ ¡,å­¦æ ¡ä½è£æå®¤,ä¸æ ¡æï½18æ39å,8æ30åï½18æ39å,18æ30åï½19æ39å,8æï½8æ30åã»18æ30åï½19æ39å,æ¥ææ¥ã»ç¥æ¥ã»å¹´æ«å¹´å§ï¼12æ29æ¥ï½1æ12æ¥ï¼
11,35.655327,139.332232,å¯ºçºï¼ç¬¬1ç¬¬2ã¯ã©ãï¼,192-0073,æ±äº¬é½å«çå­å¸å¯ºçº29-15,042-628-5345,120å,ç¬¬ä¸å°å­¦æ ¡,å­¦æ ¡æ·å°åå°ç¨æ½è¨­,ä¸æ ¡æï½18æ40å,8æ30åï½18æ40å,18æ30åï½19æ40å,8æï½8æ30åã»18æ30åï½19æ40å,æ¥ææ¥ã»ç¥æ¥ã»å¹´æ«å¹´å§ï¼12æ29æ¥ï½1æ13æ¥ï¼
12,35.622562,139.306264,å¯ºç°ï¼ç¬¬1ã¯ã©ãï¼,193-0943,æ±äº¬é½å«çå­å¸å¯ºç°çº432-102,042-665-7187,70å,ç·ã¶ä¸å°å­¦æ ¡,å­¦æ ¡å¤æ½è¨­,ä¸æ ¡æï½18æ41å,8æ30åï½18æ41å,18æ30åï½19æ41å,8æï½8æ30åã»18æ30åï½19æ41å,æ¥ææ¥ã»ç¥æ¥ã»å¹´æ«å¹´å§ï¼12æ29æ¥ï½1æ14æ¥ï¼
13,35.622548,139.309986,å¯ºç°ï¼ç¬¬2ã¯ã©ãï¼,193-0943,æ±äº¬é½å«çå­å¸å¯ºç°çº405-5,042-666-6620,70å,ç·ã¶ä¸å°å­¦æ ¡,å­¦æ ¡æ·å°åãã¬ãã,ä¸æ ¡æï½18æ42å,8æ30åï½18æ42å,18æ30åï½19æ42å,8æï½8æ30åã»18æ30åï½19æ42å,æ¥ææ¥ã»ç¥æ¥ã»å¹´æ«å¹´å§ï¼12æ29æ¥ï½1æ15æ¥ï¼
14,35.656985,139.324022,å°çºï¼ç¬¬1ç¬¬2ã¯ã©ãï¼,193-0931,æ±äº¬é½å«çå­å¸å°çº4-2-1,042-627-7246,131å,ç¬¬ä¸å°å­¦æ ¡,å­¦æ ¡æ·å°åå°ç¨æ½è¨­,ä¸æ ¡æï½18æ43å,8æ30åï½18æ43å,18æ30åï½19æ43å,8æï½8æ30åã»18æ30åï½19æ43å,æ¥ææ¥ã»ç¥æ¥ã»å¹´æ«å¹´å§ï¼12æ29æ¥ï½1æ16æ¥ï¼
15,35.623113,139.401747,ç§èå°ï¼ç¬¬1ã¯ã©ãï¼,192-0363,æ±äº¬é½å«çå­å¸å¥æ2-12-4,042-677-8358,60å,ç§èå°å°å­¦æ ¡,å­¦æ ¡å¤æ½è¨­,ä¸æ ¡æï½18æ44å,8æ30åï½18æ44å,18æ30åï½19æ44å,8æï½8æ30åã»18æ30åï½19æ44å,æ¥ææ¥ã»ç¥æ¥ã»å¹´æ«å¹´å§ï¼12æ29æ¥ï½1æ17æ¥ï¼
16,35.624666,139.406619,ç§èå°ï¼ç¬¬2ã¯ã©ãï¼,192-0363,æ±äº¬é½å«çå­å¸å¥æ2-5,042-676-1990,70å,ç§èå°å°å­¦æ ¡,å­¦æ ¡æ·å°åãã¬ãã,ä¸æ ¡æï½18æ45å,8æ30åï½18æ45å,18æ30åï½19æ45å,8æï½8æ30åã»18æ30åï½19æ45å,æ¥ææ¥ã»ç¥æ¥ã»å¹´æ«å¹´å§ï¼12æ29æ¥ï½1æ18æ¥ï¼
17,35.609464,139.367576,å®®ä¸,192-0364,æ±äº¬é½å«çå­å¸åå¤§æ²¢5-20-11,042-677-4200,67å,å®®ä¸å°å­¦æ ¡,å­¦æ ¡å¤æ½è¨­,ä¸æ ¡æï½18æ46å,8æ30åï½18æ46å,18æ30åï½19æ46å,8æï½8æ30åã»18æ30åï½19æ46å,æ¥ææ¥ã»ç¥æ¥ã»å¹´æ«å¹´å§ï¼12æ29æ¥ï½1æ19æ¥ï¼
18,35.633018,139.426711,é¹¿å³¶,192-0353,æ±äº¬é½å«çå­å¸é¹¿å³¶2,042-675-0158,70å,é¹¿å³¶å°å­¦æ ¡,åç«¥é¤¨ä½µè¨­,ä¸æ ¡æï½18æ47å,8æ30åï½18æ47å,18æ30åï½19æ47å,8æï½8æ30åã»18æ30åï½19æ47å,æ¥ææ¥ã»ç¥æ¥ã»å¹´æ«å¹´å§ï¼12æ29æ¥ï½1æ20æ¥ï¼
19,35.629348,139.413932,æ¾ãè°·,192-0354,æ±äº¬é½å«çå­å¸æ¾ãè°·13,042-675-0161,70å,æ¾ãè°·å°å­¦æ ¡,åç«¥é¤¨ä½µè¨­,ä¸æ ¡æï½18æ48å,8æ30åï½18æ48å,18æ30åï½19æ48å,8æï½8æ30åã»18æ30åï½19æ48å,æ¥ææ¥ã»ç¥æ¥ã»å¹´æ«å¹´å§ï¼12æ29æ¥ï½1æ21æ¥ï¼
20,35.62827,139.287671,é¤¨ã¶ä¸,193-0944,æ±äº¬é½å«çå­å¸é¤¨çº1097-57,042-665-5239,70å,é¤¨å°å­¦æ ¡,åç«¥é¤¨ä½µè¨­,ä¸æ ¡æï½18æ49å,8æ30åï½18æ49å,18æ30åï½19æ49å,8æï½8æ30åã»18æ30åï½19æ49å,æ¥ææ¥ã»ç¥æ¥ã»å¹´æ«å¹´å§ï¼12æ29æ¥ï½1æ22æ¥ï¼
21,35.615738,139.394707,å¥æ,192-0363,æ±äº¬é½å«çå­å¸å¥æ2-42-7,042-677-7755,70å,å¥æå°å­¦æ ¡,å­¦æ ¡å¤æ½è¨­,ä¸æ ¡æï½18æ50å,8æ30åï½18æ50å,18æ30åï½19æ50å,8æï½8æ30åã»18æ30åï½19æ50å,æ¥ææ¥ã»ç¥æ¥ã»å¹´æ«å¹´å§ï¼12æ29æ¥ï½1æ23æ¥ï¼
22,35.607778,139.379528,åå¤§æ²¢ï¼ç¬¬1ç¬¬2ã¯ã©ãï¼,192-0364,æ±äº¬é½å«çå­å¸åå¤§æ²¢3-8-1,042-674-0109,98å,ææ¨å°å­¦æ ¡,å­¦æ ¡å¤æ½è¨­,ä¸æ ¡æï½18æ51å,8æ30åï½18æ51å,18æ30åï½19æ51å,8æï½8æ30åã»18æ30åï½19æ51å,æ¥ææ¥ã»ç¥æ¥ã»å¹´æ«å¹´å§ï¼12æ29æ¥ï½1æ24æ¥ï¼
23,35.671723,139.358624,ç³å·ï¼ç¬¬1ç¬¬2ã¯ã©ãï¼,192-0032,æ±äº¬é½å«çå­å¸ç³å·çº1920,042-648-3366,110å,ç¬¬å«å°å­¦æ ¡,å­¦æ ¡å¤æ½è¨­,ä¸æ ¡æï½18æ52å,8æ30åï½18æ52å,18æ30åï½19æ52å,8æï½8æ30åã»18æ30åï½19æ52å,æ¥ææ¥ã»ç¥æ¥ã»å¹´æ«å¹´å§ï¼12æ29æ¥ï½1æ25æ¥ï¼
24,35.676105,139.319463,æ¸æ°´å°ï¼ç¬¬1ç¬¬2ã¯ã©ãï¼,192-0042,æ±äº¬é½å«çå­å¸ä¸­éå±±ç3-25-1,042-626-4591,109å,æ¸æ°´å°å­¦æ ¡,å­¦æ ¡ä½è£æå®¤,ä¸æ ¡æï½18æ53å,8æ30åï½18æ53å,18æ30åï½19æ53å,8æï½8æ30åã»18æ30åï½19æ53å,æ¥ææ¥ã»ç¥æ¥ã»å¹´æ«å¹´å§ï¼12æ29æ¥ï½1æ26æ¥ï¼
25,35.690933,139.248317,ç¾å±±å°,192-0152,æ±äº¬é½å«çå­å¸ç¾å±±çº1892,042-652-0297,41å,ç¾å±±å°å­¦æ ¡,å­¦æ ¡æ·å°åãã¬ãã,ä¸æ ¡æï½18æ54å,8æ30åï½18æ54å,18æ30åï½19æ54å,8æï½8æ30åã»18æ30åï½19æ54å,æ¥ææ¥ã»ç¥æ¥ã»å¹´æ«å¹´å§ï¼12æ29æ¥ï½1æ27æ¥ï¼
26,35.608239,139.374464,åå¤§æ²¢è¥¿,192-0364,æ±äº¬é½å«çå­å¸åå¤§æ²¢4-18,042-679-4312,49å,åå¤§æ²¢å°å­¦æ ¡,å­¦æ ¡æ·å°åãã¬ãã,ä¸æ ¡æï½18æ55å,8æ30åï½18æ55å,18æ30åï½19æ55å,8æï½8æ30åã»18æ30åï½19æ55å,æ¥ææ¥ã»ç¥æ¥ã»å¹´æ«å¹´å§ï¼12æ29æ¥ï½1æ28æ¥ï¼
27,35.658743,139.308348,åäººçºï¼ç¬¬1ç¬¬2ã¯ã©ãï¼,193-0835,æ±äº¬é½å«çå­å¸åäººçº3-7-7,042-662-5673,87å,ç¬¬äºå°å­¦æ ¡,å­¦æ ¡æ·å°åãã¬ãã,ä¸æ ¡æï½18æ56å,8æ30åï½18æ56å,18æ30åï½19æ56å,8æï½8æ30åã»18æ30åï½19æ56å,æ¥ææ¥ã»ç¥æ¥ã»å¹´æ«å¹´å§ï¼12æ29æ¥ï½1æ29æ¥ï¼
28,35.685972,139.360243,ä¹ä¿å±±ï¼ç¬¬1ç¬¬2ã¯ã©ãï¼,192-0023,æ±äº¬é½å«çå­å¸ä¹ä¿å±±çº1-20-6,042-692-2019,86å,å®æ´¥æ¨å°å°å­¦æ ¡,å­¦æ ¡å¤æ½è¨­,ä¸æ ¡æï½18æ57å,8æ30åï½18æ57å,18æ30åï½19æ57å,8æï½8æ30åã»18æ30åï½19æ57å,æ¥ææ¥ã»ç¥æ¥ã»å¹´æ«å¹´å§ï¼12æ29æ¥ï½1æ30æ¥ï¼
29,35.686699,139.354188,ä¹ä¿å±±ï¼ç¬¬3ã¯ã©ãï¼,192-0023,æ±äº¬é½å«çå­å¸ä¹ä¿å±±çº2-18,042-692-5058,35å,å®æ´¥æ¨å°å°å­¦æ ¡,å­¦æ ¡ä½è£æå®¤,ä¸æ ¡æï½18æ58å,8æ30åï½18æ58å,18æ30åï½19æ58å,8æï½8æ30åã»18æ30åï½19æ58å,æ¥ææ¥ã»ç¥æ¥ã»å¹´æ«å¹´å§ï¼12æ29æ¥ï½1æ31æ¥ï¼
30,35.631311,139.346115,çåå°,192-0914,æ±äº¬é½å«çå­å¸çåçº1318,042-637-9220,48å,çåå°å°å­¦æ ¡,å­¦æ ¡ä½è£æå®¤,ä¸æ ¡æï½18æ59å,8æ30åï½18æ59å,18æ30åï½19æ59å,8æï½8æ30åã»18æ30åï½19æ59å,æ¥ææ¥ã»ç¥æ¥ã»å¹´æ«å¹´å§ï¼12æ29æ¥ï½1æ32æ¥ï¼
31,35.621149,139.396106,ã¾ã¤ãï¼ç¬¬1ç¬¬2ã¯ã©ãï¼,192-0363,æ±äº¬é½å«çå­å¸å¥æ1-29-2,042-676-7241,90å,æ¾æ¨å°å­¦æ ¡,å­¦æ ¡å¤æ½è¨­,ä¸æ ¡æï½18æ60å,8æ30åï½18æ60å,18æ30åï½19æ60å,8æï½8æ30åã»18æ30åï½19æ60å,æ¥ææ¥ã»ç¥æ¥ã»å¹´æ«å¹´å§ï¼12æ29æ¥ï½1æ33æ¥ï¼
32,35.621235,139.379788,ä¸ææ¨ï¼ç¬¬1ç¬¬2ã¯ã©ãï¼,192-0372,æ±äº¬é½å«çå­å¸ä¸ææ¨3-4-1,042-677-3553,91å,ä¸ææ¨å°å­¦æ ¡,å­¦æ ¡å¤æ½è¨­,ä¸æ ¡æï½18æ61å,8æ30åï½18æ61å,18æ30åï½19æ61å,8æï½8æ30åã»18æ30åï½19æ61å,æ¥ææ¥ã»ç¥æ¥ã»å¹´æ«å¹´å§ï¼12æ29æ¥ï½1æ34æ¥ï¼
33,35.611208,139.386438,é·æ± ï¼ç¬¬1ã¯ã©ãï¼,192-0363,æ±äº¬é½å«çå­å¸å¥æ1-45-3,042-670-3631,70å,é·æ± å°å­¦æ ¡,å­¦æ ¡å¤æ½è¨­,ä¸æ ¡æï½18æ62å,8æ30åï½18æ62å,18æ30åï½19æ62å,8æï½8æ30åã»18æ30åï½19æ62å,æ¥ææ¥ã»ç¥æ¥ã»å¹´æ«å¹´å§ï¼12æ29æ¥ï½1æ35æ¥ï¼
34,35.610761,139.388441,é·æ± ï¼ç¬¬2ã¯ã©ãï¼,192-0363,æ±äº¬é½å«çå­å¸å¥æ1-55,042-679-4664,60å,é·æ± å°å­¦æ ¡,å­¦æ ¡æ·å°åãã¬ãã,ä¸æ ¡æï½18æ63å,8æ30åï½18æ63å,18æ30åï½19æ63å,8æï½8æ30åã»18æ30åï½19æ63å,æ¥ææ¥ã»ç¥æ¥ã»å¹´æ«å¹´å§ï¼12æ29æ¥ï½1æ36æ¥ï¼
35,35.632163,139.324836,ã¿ãªã¿éï¼ç¬¬1ã¯ã©ãï¼,192-0916,æ±äº¬é½å«çå­å¸ã¿ãªã¿é1-9-3,042-635-0014,70å,ã¿ãªã¿éå°å­¦æ ¡,å­¦æ ¡å¤æ½è¨­,ä¸æ ¡æï½18æ64å,8æ30åï½18æ64å,18æ30åï½19æ64å,8æï½8æ30åã»18æ30åï½19æ64å,æ¥ææ¥ã»ç¥æ¥ã»å¹´æ«å¹´å§ï¼12æ29æ¥ï½1æ37æ¥ï¼
36,35.631322,139.330969,ã¿ãªã¿éï¼ç¬¬2ã¯ã©ãï¼,192-0916,æ±äº¬é½å«çå­å¸ã¿ãªã¿é1-1-1,042-635-3321,50å,ã¿ãªã¿éå°å­¦æ ¡,å­¦æ ¡å¤æ½è¨­,ä¸æ ¡æï½18æ65å,8æ30åï½18æ65å,18æ30åï½19æ65å,8æï½8æ30åã»18æ30åï½19æ65å,æ¥ææ¥ã»ç¥æ¥ã»å¹´æ«å¹´å§ï¼12æ29æ¥ï½1æ38æ¥ï¼
37,35.666201,139.343628,ç¬¬åå°ï¼ç¬¬1ç¬¬2ã¯ã©ãï¼,192-0045,æ±äº¬é½å«çå­å¸å¤§åç°çº7-5-1,042-644-8744,136å,ç¬¬åå°å­¦æ ¡,å­¦æ ¡ä½è£æå®¤,ä¸æ ¡æï½18æ66å,8æ30åï½18æ66å,18æ30åï½19æ66å,8æï½8æ30åã»18æ30åï½19æ66å,æ¥ææ¥ã»ç¥æ¥ã»å¹´æ«å¹´å§ï¼12æ29æ¥ï½1æ39æ¥ï¼
38,35.671283,139.304343,åå«çå­æ±å°ï¼ç¬¬1ç¬¬2ã¯ã©ãï¼,193-0815,æ±äº¬é½å«çå­å¸å¶è°·çº1521,042-627-1245,74å,åå«çå­æ±å°å­¦æ ¡,å­¦æ ¡ä½è£æå®¤,ä¸æ ¡æï½18æ67å,8æ30åï½18æ67å,18æ30åï½19æ67å,8æï½8æ30åã»18æ30åï½19æ67å,æ¥ææ¥ã»ç¥æ¥ã»å¹´æ«å¹´å§ï¼12æ29æ¥ï½1æ40æ¥ï¼
39,35.700458,139.316116,å ä½å°,192-0004,æ±äº¬é½å«çå­å¸å ä½çº1-170-2,042-692-0150,70å,å ä½å°å­¦æ ¡,å­¦æ ¡å¤æ½è¨­,ä¸æ ¡æï½18æ68å,8æ30åï½18æ68å,18æ30åï½19æ68å,8æï½8æ30åã»18æ30åï½19æ68å,æ¥ææ¥ã»ç¥æ¥ã»å¹´æ«å¹´å§ï¼12æ29æ¥ï½1æ41æ¥ï¼
40,35.628401,139.350737,é«å¶ºå°ï¼ç¬¬1ç¬¬2ã¯ã©ãï¼,192-0913,æ±äº¬é½å«çå­å¸åéå°4-21-1,042-637-4146,74å,é«å¶ºå°å­¦æ ¡,å­¦æ ¡ä½è£æå®¤,ä¸æ ¡æï½18æ69å,8æ30åï½18æ69å,18æ30åï½19æ69å,8æï½8æ30åã»18æ30åï½19æ69å,æ¥ææ¥ã»ç¥æ¥ã»å¹´æ«å¹´å§ï¼12æ29æ¥ï½1æ42æ¥ï¼
41,35.62006,139.321857,ä¸å½å°ï¼ç¬¬1ç¬¬2ã¯ã©ãï¼,192-0919,æ±äº¬é½å«çå­å¸ä¸å½6-42-1,042-637-5441,114å,ä¸å½å°å­¦æ ¡,å­¦æ ¡å¤æ½è¨­,ä¸æ ¡æï½18æ70å,8æ30åï½18æ70å,18æ30åï½19æ70å,8æï½8æ30åã»18æ30åï½19æ70å,æ¥ææ¥ã»ç¥æ¥ã»å¹´æ«å¹´å§ï¼12æ29æ¥ï½1æ43æ¥ï¼
42,35.661662,139.321919,å«æ¨çºï¼ç¬¬1ç¬¬2ã¯ã©ãï¼,192-0055,æ±äº¬é½å«çå­å¸å«æ¨çº7-1,042-626-5234,100å,ç¬¬äºå°å­¦æ ¡,å­¦æ ¡ä½è£æå®¤,ä¸æ ¡æï½18æ71å,8æ30åï½18æ71å,18æ30åï½19æ71å,8æï½8æ30åã»18æ30åï½19æ71å,æ¥ææ¥ã»ç¥æ¥ã»å¹´æ«å¹´å§ï¼12æ29æ¥ï½1æ44æ¥ï¼
43,35.636571,139.337257,ç±äºãããã,192-0917,æ±äº¬é½å«çå­å¸è¥¿çå1-14-1,042-636-7784,60å,ç±äºç¬¬äºå°å­¦æ ¡,å­¦æ ¡å¤æ½è¨­,ä¸æ ¡æï½18æ72å,8æ30åï½18æ72å,18æ30åï½19æ72å,8æï½8æ30åã»18æ30åï½19æ72å,æ¥ææ¥ã»ç¥æ¥ã»å¹´æ«å¹´å§ï¼12æ29æ¥ï½1æ45æ¥ï¼
44,35.670864,139.325107,ç¬¬ä¹å°ï¼ç¬¬1ç¬¬2ã¯ã©ãï¼,192-0041,æ±äº¬é½å«çå­å¸ä¸­éä¸çº2-14-1,042-623-4230,71å,ç¬¬ä¹å°å­¦æ ¡,å­¦æ ¡ä½è£æå®¤,ä¸æ ¡æï½18æ73å,8æ30åï½18æ73å,18æ30åï½19æ73å,8æï½8æ30åã»18æ30åï½19æ73å,æ¥ææ¥ã»ç¥æ¥ã»å¹´æ«å¹´å§ï¼12æ29æ¥ï½1æ46æ¥ï¼
45,35.615972,139.368912,ä¸ææ¨å°,192-0373,æ±äº¬é½å«çå­å¸ä¸ææ¨3-15,042-677-6675,70å,ä¸ææ¨å°å­¦æ ¡,å­¦æ ¡ä½è£æå®¤,ä¸æ ¡æï½18æ74å,8æ30åï½18æ74å,18æ30åï½19æ74å,8æï½8æ30åã»18æ30åï½19æ74å,æ¥ææ¥ã»ç¥æ¥ã»å¹´æ«å¹´å§ï¼12æ29æ¥ï½1æ47æ¥ï¼
46,35.642471,139.36546,é·æ²¼ï¼ç¬¬1ç¬¬2ã¯ã©ãï¼,192-0907,æ±äº¬é½å«çå­å¸é·æ²¼çº707-3,042-636-2479,76å,é·æ²¼å°å­¦æ ¡,å­¦æ ¡ä½è£æå®¤,ä¸æ ¡æï½18æ75å,8æ30åï½18æ75å,18æ30åï½19æ75å,8æï½8æ30åã»18æ30åï½19æ75å,æ¥ææ¥ã»ç¥æ¥ã»å¹´æ«å¹´å§ï¼12æ29æ¥ï½1æ48æ¥ï¼
47,35.62567,139.35844,ä¸­å±±å°,192-0374,æ±äº¬é½å«çå­å¸ä¸­å±±1155,042-635-4051,39å,ä¸­å±±å°å­¦æ ¡,å­¦æ ¡æ·å°åãã¬ãã,ä¸æ ¡æï½18æ76å,8æ30åï½18æ76å,18æ30åï½19æ76å,8æï½8æ30åã»18æ30åï½19æ76å,æ¥ææ¥ã»ç¥æ¥ã»å¹´æ«å¹´å§ï¼12æ29æ¥ï½1æ49æ¥ï¼
48,35.662925,139.277923,åå±±ï¼ç¬¬1ã¯ã©ãï¼,193-0826,æ±äº¬é½å«çå­å¸åå«çå­çº2-3351-15,042-663-6094,51å,åå±±å°å­¦æ ¡,å­¦æ ¡å¤æ½è¨­,ä¸æ ¡æï½18æ77å,8æ30åï½18æ77å,18æ30åï½19æ77å,8æï½8æ30åã»18æ30åï½19æ77å,æ¥ææ¥ã»ç¥æ¥ã»å¹´æ«å¹´å§ï¼12æ29æ¥ï½1æ50æ¥ï¼
49,35.659114,139.277682,åå±±ï¼ç¬¬2ã¯ã©ãï¼,193-0826,æ±äº¬é½å«çå­å¸åå«çå­çº2-1767,042-664-3988,39å,åå±±å°å­¦æ ¡,å­¦æ ¡ä½è£æå®¤,ä¸æ ¡æï½18æ78å,8æ30åï½18æ78å,18æ30åï½19æ78å,8æï½8æ30åã»18æ30åï½19æ78å,æ¥ææ¥ã»ç¥æ¥ã»å¹´æ«å¹´å§ï¼12æ29æ¥ï½1æ51æ¥ï¼
50,35.670201,139.25493,æ©æ¹è¥¿ï¼ç¬¬1ç¬¬2ã¯ã©ãï¼,192-0154,æ±äº¬é½å«çå­å¸ä¸æ©æ¹çº1369,042-651-1154,100å,æ©æ¹ç¬¬ä¸å°å­¦æ ¡,å­¦æ ¡æ·å°åãã¬ãã,ä¸æ ¡æï½18æ79å,8æ30åï½18æ79å,18æ30åï½19æ79å,8æï½8æ30åã»18æ30åï½19æ79å,æ¥ææ¥ã»ç¥æ¥ã»å¹´æ«å¹´å§ï¼12æ29æ¥ï½1æ52æ¥ï¼
51,35.683702,139.367681,å°å®®å°ï¼ç¬¬1ç¬¬2ã¯ã©ãï¼,192-0031,æ±äº¬é½å«çå­å¸å°å®®çº1128-3,042-645-3223,131å,å°å®®å°å­¦æ ¡,å­¦æ ¡æ·å°åãã¬ãã,ä¸æ ¡æï½18æ80å,8æ30åï½18æ80å,18æ30åï½19æ80å,8æï½8æ30åã»18æ30åï½19æ80å,æ¥ææ¥ã»ç¥æ¥ã»å¹´æ«å¹´å§ï¼12æ29æ¥ï½1æ53æ¥ï¼
52,35.675571,139.307395,æ¥¢åå°,193-0803,æ±äº¬é½å«çå­å¸æ¥¢åçº1287-2,042-626-1788,60å,æ¥¢åå°å­¦æ ¡,å­¦æ ¡ä½è£æå®¤,ä¸æ ¡æï½18æ81å,8æ30åï½18æ81å,18æ30åï½19æ81å,8æï½8æ30åã»18æ30åï½19æ81å,æ¥ææ¥ã»ç¥æ¥ã»å¹´æ«å¹´å§ï¼12æ29æ¥ï½1æ54æ¥ï¼
53,35.671752,139.288488,å¼åæ¹å°ï¼ç¬¬1ç¬¬2ã¯ã©ãï¼,193-0822,æ±äº¬é½å«çå­å¸å¼åæ¹çº520-1,042-626-6760,86å,å¼åæ¹å°å­¦æ ¡,å­¦æ ¡ä½è£æå®¤,ä¸æ ¡æï½18æ82å,8æ30åï½18æ82å,18æ30åï½19æ82å,8æï½8æ30åã»18æ30åï½19æ82å,æ¥ææ¥ã»ç¥æ¥ã»å¹´æ«å¹´å§ï¼12æ29æ¥ï½1æ55æ¥ï¼
54,35.662352,139.365746,é«åå°,192-0033,æ±äº¬é½å«çå­å¸é«åçº67-2,042-642-8163,69å,é«åå°å­¦æ ¡,å­¦æ ¡æ·å°åãã¬ãã,ä¸æ ¡æï½18æ83å,8æ30åï½18æ83å,18æ30åï½19æ83å,8æï½8æ30åã»18æ30åï½19æ83å,æ¥ææ¥ã»ç¥æ¥ã»å¹´æ«å¹´å§ï¼12æ29æ¥ï½1æ56æ¥ï¼
55,35.643412,139.286764,æ±æµå·å°,193-0834,æ±äº¬é½å«çå­å¸æ±æµå·çº550-22,042-662-2929,69å,æ±æµå·å°å­¦æ ¡,å­¦æ ¡æ·å°åãã¬ãã,ä¸æ ¡æï½18æ84å,8æ30åï½18æ84å,18æ30åï½19æ84å,8æï½8æ30åã»18æ30åï½19æ84å,æ¥ææ¥ã»ç¥æ¥ã»å¹´æ«å¹´å§ï¼12æ29æ¥ï½1æ57æ¥ï¼
56,35.63344,139.407941,ç±æ¨æ±å°ï¼ç¬¬1ç¬¬2ã¯ã©ãï¼,192-0351,æ±äº¬é½å«çå­å¸æ±ä¸­é1347,042-677-5086,86å,ç±æ¨æ±å°å­¦æ ¡,å­¦æ ¡æ·å°åãã¬ãã,ä¸æ ¡æï½18æ85å,8æ30åï½18æ85å,18æ30åï½19æ85å,8æï½8æ30åã»18æ30åï½19æ85å,æ¥ææ¥ã»ç¥æ¥ã»å¹´æ«å¹´å§ï¼12æ29æ¥ï½1æ58æ¥ï¼
57,35.651381,139.34502,å­å®ï¼ç¬¬1ã¯ã©ãï¼,192-0904,æ±äº¬é½å«çå­å¸å­å®çº1-37-1,042-648-5643,51å,ç¬¬å­å°å­¦æ ¡,å­¦æ ¡å¤æ½è¨­,ä¸æ ¡æï½18æ86å,8æ30åï½18æ86å,18æ30åï½19æ86å,8æï½8æ30åã»18æ30åï½19æ86å,æ¥ææ¥ã»ç¥æ¥ã»å¹´æ«å¹´å§ï¼12æ29æ¥ï½1æ59æ¥ï¼
58,35.65015,139.342623,å­å®ï¼ç¬¬2ã¯ã©ãï¼,192-0904,æ±äº¬é½å«çå­å¸å­å®çº2-19-1,042-644-9939,69å,ç¬¬å­å°å­¦æ ¡,å­¦æ ¡æ·å°åãã¬ãã,ä¸æ ¡æï½18æ87å,8æ30åï½18æ87å,18æ30åï½19æ87å,8æï½8æ30åã»18æ30åï½19æ87å,æ¥ææ¥ã»ç¥æ¥ã»å¹´æ«å¹´å§ï¼12æ29æ¥ï½1æ60æ¥ï¼
59,35.636654,139.30226,æ¤ç°å°ï¼ç¬¬1ç¬¬2ã¯ã©ãï¼,193-0942,æ±äº¬é½å«çå­å¸æ¤ç°çº571-2,042-666-9649,81å,æ¤ç°å°å­¦æ ¡,å­¦æ ¡ä½è£æå®¤,ä¸æ ¡æï½18æ88å,8æ30åï½18æ88å,18æ30åï½19æ88å,8æï½8æ30åã»18æ30åï½19æ88å,æ¥ææ¥ã»ç¥æ¥ã»å¹´æ«å¹´å§ï¼12æ29æ¥ï½1æ61æ¥ï¼
60,35.636915,139.306318,æ¤ç°å°ï¼ç¬¬3ã¯ã©ãï¼,193-0942,æ±äº¬é½å«çå­å¸æ¤ç°çº554-11,042-664-2512,50å,æ¤ç°å°å­¦æ ¡,å­¦æ ¡å¤æ½è¨­,ä¸æ ¡æï½18æ89å,8æ30åï½18æ89å,18æ30åï½19æ89å,8æï½8æ30åã»18æ30åï½19æ89å,æ¥ææ¥ã»ç¥æ¥ã»å¹´æ«å¹´å§ï¼12æ29æ¥ï½1æ62æ¥ï¼
61,35.627836,139.325109,ã¿ãªã¿éåç°å°ï¼ç¬¬1ç¬¬2ã¯ã©ãï¼,192-0916,æ±äº¬é½å«çå­å¸ã¿ãªã¿é4-3-1,042-635-4343,103å,ã¿ãªã¿éåç°å°å­¦æ ¡,å­¦æ ¡æ·å°åãã¬ãã,ä¸æ ¡æï½18æ90å,8æ30åï½18æ90å,18æ30åï½19æ90å,8æï½8æ30åã»18æ30åï½19æ90å,æ¥ææ¥ã»ç¥æ¥ã»å¹´æ«å¹´å§ï¼12æ29æ¥ï½1æ63æ¥ï¼
62,35.623137,139.361401,ç±æ¨è¥¿å°,192-0373,æ±äº¬é½å«çå­å¸ä¸ææ¨538-1,042-679-0901,30å,ç±æ¨è¥¿å°å­¦æ ¡,å­¦æ ¡ä½è£æå®¤,ä¸æ ¡æï½18æ91å,8æ30åï½18æ91å,18æ30åï½19æ91å,8æï½8æ30åã»18æ30åï½19æ91å,æ¥ææ¥ã»ç¥æ¥ã»å¹´æ«å¹´å§ï¼12æ29æ¥ï½1æ64æ¥ï¼
63,35.705542,139.250072,ä¸å·å£å°,192-0151,æ±äº¬é½å«çå­å¸ä¸å·çº1099,042-654-0045,30å,ä¸å·å£å°å­¦æ ¡,å­¦æ ¡ä½è£æå®¤,ä¸æ ¡æï½18æ92å,8æ30åï½18æ92å,18æ30åï½19æ92å,8æï½8æ30åã»18æ30åï½19æ92å,æ¥ææ¥ã»ç¥æ¥ã»å¹´æ«å¹´å§ï¼12æ29æ¥ï½1æ65æ¥ï¼
64,35.668419,139.30674,æ¨ªå·ï¼ç¬¬1ç¬¬2ã¯ã©ãï¼,193-0823,æ±äº¬é½å«çå­å¸æ¨ªå·çº296-11,042-622-6200,79å,æ¨ªå·å°å­¦æ ¡,å­¦æ ¡å¤æ½è¨­,ä¸æ ¡æï½18æ93å,8æ30åï½18æ93å,18æ30åï½19æ93å,8æï½8æ30åã»18æ30åï½19æ93å,æ¥ææ¥ã»ç¥æ¥ã»å¹´æ«å¹´å§ï¼12æ29æ¥ï½1æ66æ¥ï¼
65,35.686642,139.297882,ããã¾ã¤,193-0801,æ±äº¬é½å«çå­å¸å·å£çº1557-2,042-654-3908,70å,æ¾æå°å­¦æ ¡,å­¦æ ¡å¤æ½è¨­,ä¸æ ¡æï½18æ94å,8æ30åï½18æ94å,18æ30åï½19æ94å,8æï½8æ30åã»18æ30åï½19æ94å,æ¥ææ¥ã»ç¥æ¥ã»å¹´æ«å¹´å§ï¼12æ29æ¥ï½1æ67æ¥ï¼
66,35.657994,139.345998,ç¬¬åå°ï¼ç¬¬1ç¬¬2ã¯ã©ãï¼,192-0046,æ±äº¬é½å«çå­å¸æç¥çº2-15-1,042-646-9990,74å,ç¬¬åå°å­¦æ ¡,å­¦æ ¡æ·å°åãã¬ãã,ä¸æ ¡æï½18æ95å,8æ30åï½18æ95å,18æ30åï½19æ95å,8æï½8æ30åã»18æ30åï½19æ95å,æ¥ææ¥ã»ç¥æ¥ã»å¹´æ«å¹´å§ï¼12æ29æ¥ï½1æ68æ¥ï¼
67,35.6468,139.313606,å±±ç°å°ï¼ç¬¬1ç¬¬2ã¯ã©ãï¼,193-0933 ,æ±äº¬é½å«çå­å¸å±±ç°çº1553,042-662-8281,100å,å±±ç°å°å­¦æ ¡,å­¦æ ¡æ·å°åãã¬ãã,ä¸æ ¡æï½18æ96å,8æ30åï½18æ96å,18æ30åï½19æ96å,8æï½8æ30åã»18æ30åï½19æ96å,æ¥ææ¥ã»ç¥æ¥ã»å¹´æ«å¹´å§ï¼12æ29æ¥ï½1æ69æ¥ï¼
68,35.647766,139.301574,æ£ç°å°ï¼ç¬¬1ç¬¬2ã¯ã©ãï¼,193-0832,æ±äº¬é½å«çå­å¸æ£ç°çº5-23-1,042-668-4004,102å,æ£ç°å°å­¦æ ¡,å­¦æ ¡ä½è£æå®¤,ä¸æ ¡æï½18æ97å,8æ30åï½18æ97å,18æ30åï½19æ97å,8æï½8æ30åã»18æ30åï½19æ97å,æ¥ææ¥ã»ç¥æ¥ã»å¹´æ«å¹´å§ï¼12æ29æ¥ï½1æ70æ¥ï¼
69,35.679692,139.263216,æ©æ¹æ±,192-0154,æ±äº¬é½å«çå­å¸ä¸æ©æ¹çº754-1,042-651-8079,70å,åæ¨å°å­¦æ ¡,å­¦æ ¡å¤æ½è¨­,ä¸æ ¡æï½18æ98å,8æ30åï½18æ98å,18æ30åï½19æ98å,8æï½8æ30åã»18æ30åï½19æ98å,æ¥ææ¥ã»ç¥æ¥ã»å¹´æ«å¹´å§ï¼12æ29æ¥ï½1æ71æ¥ï¼
70,35.616149,139.372361,ããã,192-0373,æ±äº¬é½å«çå­å¸ä¸ææ¨3-5-10,042-677-6427,68å,æå®å°å­¦æ ¡,å­¦æ ¡å¤æ½è¨­,ä¸æ ¡æï½18æ99å,8æ30åï½18æ99å,18æ30åï½19æ99å,8æï½8æ30åã»18æ30åï½19æ99å,æ¥ææ¥ã»ç¥æ¥ã»å¹´æ«å¹´å§ï¼12æ29æ¥ï½1æ72æ¥ï¼
71,35.612686,139.363626,éæ°´å°ï¼ç¬¬1ã¯ã©ãï¼,192-0375,æ±äº¬é½å«çå­å¸éæ°´2-74,042-677-7688,70å,éæ°´å°å­¦æ ¡,å­¦æ ¡æ·å°åãã¬ãã,ä¸æ ¡æï½18æ100å,8æ30åï½18æ100å,18æ30åï½19æ100å,8æï½8æ30åã»18æ30åï½19æ100å,æ¥ææ¥ã»ç¥æ¥ã»å¹´æ«å¹´å§ï¼12æ29æ¥ï½1æ73æ¥ï¼
72,35.614713,139.364704,éæ°´å°ï¼ç¬¬2ã¯ã©ãï¼,192-0375,æ±äº¬é½å«çå­å¸éæ°´2-73,042-674-5921,70å,éæ°´å°å­¦æ ¡,å­¦æ ¡å¤æ½è¨­,ä¸æ ¡æï½18æ101å,8æ30åï½18æ101å,18æ30åï½19æ101å,8æï½8æ30åã»18æ30åï½19æ101å,æ¥ææ¥ã»ç¥æ¥ã»å¹´æ«å¹´å§ï¼12æ29æ¥ï½1æ74æ¥ï¼
73,35.688142,139.306542,ã¤ãã¿ï¼ç¬¬1ç¬¬2ã¯ã©ãï¼,193-0841,æ±äº¬é½å«çå­å¸ç¬ç®çº44-1,042-621-1020,96å,é¶éå°å­¦æ ¡,å­¦æ ¡å¤æ½è¨­,ä¸æ ¡æï½18æ102å,8æ30åï½18æ102å,18æ30åï½19æ102å,8æï½8æ30åã»18æ30åï½19æ102å,æ¥ææ¥ã»ç¥æ¥ã»å¹´æ«å¹´å§ï¼12æ29æ¥ï½1æ75æ¥ï¼
74,35.68254,139.311897,ã¤ãã¿ï¼ç¬¬3ã¯ã©ãï¼,193-0803,æ±äº¬é½å«çå­å¸æ¥¢åçº980-33,042-621-1020,17å,é¶éå°å­¦æ ¡,å­¦æ ¡å¤æ½è¨­,ä¸æ ¡æï½18æ103å,8æ30åï½18æ103å,18æ30åï½19æ103å,8æï½8æ30åã»18æ30åï½19æ103å,æ¥ææ¥ã»ç¥æ¥ã»å¹´æ«å¹´å§ï¼12æ29æ¥ï½1æ76æ¥ï¼
75,35.656976,139.288597,è¹ç°å°ï¼ç¬¬1ç¬¬2ã¯ã©ãï¼,193-0824,æ±äº¬é½å«çå­å¸é·æ¿çº1041-2,042-663-6829,112å,è¹ç°å°å­¦æ ¡,å­¦æ ¡ä½è£æå®¤,ä¸æ ¡æï½18æ104å,8æ30åï½18æ104å,18æ30åï½19æ104å,8æï½8æ30åã»18æ30åï½19æ104å,æ¥ææ¥ã»ç¥æ¥ã»å¹´æ«å¹´å§ï¼12æ29æ¥ï½1æ77æ¥ï¼
76,35.665591,139.354319,å¤§åç°å°ï¼ç¬¬1ç¬¬2ã¯ã©ãï¼,192-0045 ,æ±äº¬é½å«çå­å¸å¤§åç°çº4-19-1,042-645-0526,80å,å¤§åç°å°å­¦æ ¡,å­¦æ ¡ä½è£æå®¤,ä¸æ ¡æï½18æ105å,8æ30åï½18æ105å,18æ30åï½19æ105å,8æï½8æ30åã»18æ30åï½19æ105å,æ¥ææ¥ã»ç¥æ¥ã»å¹´æ«å¹´å§ï¼12æ29æ¥ï½1æ78æ¥ï¼
77,35.661693,139.339123,ç¬¬ä¸å°,192-0063,æ±äº¬é½å«çå­å¸åæ¨ªå±±çº2-5-1,042-646-1141,65å,ç¬¬ä¸å°å­¦æ ¡,å­¦æ ¡å¤æ½è¨­,ä¸æ ¡æï½18æ106å,8æ30åï½18æ106å,18æ30åï½19æ106å,8æï½8æ30åã»18æ30åï½19æ106å,æ¥ææ¥ã»ç¥æ¥ã»å¹´æ«å¹´å§ï¼12æ29æ¥ï½1æ79æ¥ï¼
78,35.633921,139.304541,æ¨ªå±±ç¬¬ä¸å°ï¼ç¬¬1ç¬¬2ã¯ã©ãï¼,193-0944,æ±äº¬é½å«çå­å¸é¤¨çº74,042-663-9687,130å,æ¨ªå±±ç¬¬ä¸å°å­¦æ ¡,å­¦æ ¡æ·å°åãã¬ãã,ä¸æ ¡æï½18æ107å,8æ30åï½18æ107å,18æ30åï½19æ107å,8æï½8æ30åã»18æ30åï½19æ107å,æ¥ææ¥ã»ç¥æ¥ã»å¹´æ«å¹´å§ï¼12æ29æ¥ï½1æ80æ¥ï¼
,,,,,,,,,,,,,,
,,,,,,,,,,,,,,
,,,,,,,,,,,,,,
,,,,,,,,,,,,,,
,,,,,,,,,,,,,,
,,,,,,,,,,,,,,
,,,,,,,,,,,,,,
,,,,,,,,,,,,,,
,,,,,,,,,,,,,,
,,,,,,,,,,,,,,
,,,,,,,,,,,,,,
,,,,,,,,,,,,,,
,,,,,,,,,,,,,,
,,,,,,,,,,,,,,
,,,,,,,,,,,,,,
,,,,,,,,,,,,,,
,,,,,,,,,,,,,,
,,,,,,,,,,,,,,
,,,,,,,,,,,,,,
,,,,,,,,,,,,,,
,,,,,,,,,,,,,,
,,,,,,,,,,,,,,
,,,,,,,,,,,,,,
,,,,,,,,,,,,,,
,,,,,,,,,,,,,,
,,,,,,,,,,,,,,
,,,,,,,,,,,,,,
,,,,,,,,,,,,,,
,,,,,,,,,,,,,,
,,,,,,,,,,,,,,
,,,,,,,,,,,,,,
,,,,,,,,,,,,,,
,,,,,,,,,,,,,,
,,,,,,,,,,,,,,
,,,,,,,,,,,,,,
,,,,,,,,,,,,,,
,,,,,,,,,,,,,,
,,,,,,,,,,,,,,
,,,,,,,,,,,,,,
,,,,,,,,,,,,,,
,,,,,,,,,,,,,,
,,,,,,,,,,,,,,
,,,,,,,,,,,,,,
,,,,,,,,,,,,,,
,,,,,,,,,,,,,,
,,,,,,,,,,,,,,
,,,,,,,,,,,,,,
,,,,,,,,,,,,,,
,,,,,,,,,,,,,,
,,,,,,,,,,,,,,
,,,,,,,,,,,,,,
,,,,,,,,,,,,,,
,,,,,,,,,,,,,,
,,,,,,,,,,,,,,
,,,,,,,,,,,,,,
,,,,,,,,,,,,,,
,,,,,,,,,,,,,,
,,,,,,,,,,,,,,
,,,,,,,,,,,,,,
,,,,,,,,,,,,,,
,,,,,,,,,,,,,,
,,,,,,,,,,,,,,
,,,,,,,,,,,,,,
,,,,,,,,,,,,,,
,,,,,,,,,,,,,,
,,,,,,,,,,,,,,
,,,,,,,,,,,,,,
,,,,,,,,,,,,,,
,,,,,,,,,,,,,,
,,,,,,,,,,,,,,
,,,,,,,,,,,,,,
,,,,,,,,,,,,,,
,,,,,,,,,,,,,,
,,,,,,,,,,,,,,
,,,,,,,,,,,,,,
,,,,,,,,,,,,,,
,,,,,,,,,,,,,,
,,,,,,,,,,,,,,
,,,,,,,,,,,,,,
,,,,,,,,,,,,,,
,,,,,,,,,,,,,,
,,,,,,,,,,,,,,
,,,,,,,,,,,,,,
,,,,,,,,,,,,,,
,,,,,,,,,,,,,,
,,,,,,,,,,,,,,
,,,,,,,,,,,,,,
,,,,,,,,,,,,,,
,,,,,,,,,,,,,,
,,,,,,,,,,,,,,
,,,,,,,,,,,,,,
,,,,,,,,,,,,,,
,,,,,,,,,,,,,,
,,,,,,,,,,,,,,
,,,,,,,,,,,,,,
,,,,,,,,,,,,,,
,,,,,,,,,,,,,,
,,,,,,,,,,,,,,
,,,,,,,,,,,,,,
,,,,,,,,,,,,,,
,,,,,,,,,,,,,,
,,,,,,,,,,,,,,
,,,,,,,,,,,,,,
,,,,,,,,,,,,,,
,,,,,,,,,,,,,,
,,,,,,,,,,,,,,
,,,,,,,,,,,,,,
,,,,,,,,,,,,,,
,,,,,,,,,,,,,,
,,,,,,,,,,,,,,
,,,,,,,,,,,,,,
,,,,,,,,,,,,,,
,,,,,,,,,,,,,,
,,,,,,,,,,,,,,
,,,,,,,,,,,,,,
,,,,,,,,,,,,,,
,,,,,,,,,,,,,,
,,,,,,,,,,,,,,
,,,,,,,,,,,,,,
,,,,,,,,,,,,,,
,,,,,,,,,,,,,,
,,,,,,,,,,,,,,
,,,,,,,,,,,,,,
,,,,,,,,,,,,,,
,,,,,,,,,,,,,,
,,,,,,,,,,,,,,
,,,,,,,,,,,,,,
,,,,,,,,,,,,,,
,,,,,,,,,,,,,,
,,,,,,,,,,,,,,
,,,,,,,,,,,,,,
,,,,,,,,,,,,,,
,,,,,,,,,,,,,,
,,,,,,,,,,,,,,
,,,,,,,,,,,,,,
,,,,,,,,,,,,,,
,,,,,,,,,,,,,,
,,,,,,,,,,,,,,
,,,,,,,,,,,,,,
,,,,,,,,,,,,,,
,,,,,,,,,,,,,,
,,,,,,,,,,,,,,
,,,,,,,,,,,,,,
,,,,,,,,,,,,,,
,,,,,,,,,,,,,,
,,,,,,,,,,,,,,
,,,,,,,,,,,,,,
,,,,,,,,,,,,,,
,,,,,,,,,,,,,,
,,,,,,,,,,,,,,
,,,,,,,,,,,,,,
,,,,,,,,,,,,,,
,,,,,,,,,,,,,,
,,,,,,,,,,,,,,
,,,,,,,,,,,,,,
,,,,,,,,,,,,,,
,,,,,,,,,,,,,,
,,,,,,,,,,,,,,
,,,,,,,,,,,,,,
,,,,,,,,,,,,,,
,,,,,,,,,,,,,,
,,,,,,,,,,,,,,
,,,,,,,,,,,,,,
,,,,,,,,,,,,,,
,,,,,,,,,,,,,,
,,,,,,,,,,,,,,
,,,,,,,,,,,,,,
,,,,,,,,,,,,,,
,,,,,,,,,,,,,,
,,,,,,,,,,,,,,
,,,,,,,,,,,,,,
,,,,,,,,,,,,,,
,,,,,,,,,,,,,,
,,,,,,,,,,,,,,
,,,,,,,,,,,,,,
,,,,,,,,,,,,,,
,,,,,,,,,,,,,,
,,,,,,,,,,,,,,
,,,,,,,,,,,,,,
,,,,,,,,,,,,,,
,,,,,,,,,,,,,,
,,,,,,,,,,,,,,
,,,,,,,,,,,,,,
,,,,,,,,,,,,,,
,,,,,,,,,,,,,,
,,,,,,,,,,,,,,
,,,,,,,,,,,,,,
,,,,,,,,,,,,,,
,,,,,,,,,,,,,,
,,,,,,,,,,,,,,
,,,,,,,,,,,,,,
,,,,,,,,,,,,,,
,,,,,,,,,,,,,,
,,,,,,,,,,,,,,
,,,,,,,,,,,,,,
,,,,,,,,,,,,,,
,,,,,,,,,,,,,,
,,,,,,,,,,,,,,
,,,,,,,,,,,,,,
,,,,,,,,,,,,,,
,,,,,,,,,,,,,,
,,,,,,,,,,,,,,
,,,,,,,,,,,,,,
,,,,,,,,,,,,,,
,,,,,,,,,,,,,,
,,,,,,,,,,,,,,
,,,,,,,,,,,,,,
,,,,,,,,,,,,,,
,,,,,,,,,,,,,,
,,,,,,,,,,,,,,
,,,,,,,,,,,,,,
,,,,,,,,,,,,,,
,,,,,,,,,,,,,,
,,,,,,,,,,,,,,
,,,,,,,,,,,,,,
,,,,,,,,,,,,,,
,,,,,,,,,,,,,,
,,,,,,,,,,,,,,
,,,,,,,,,,,,,,
,,,,,,,,,,,,,,
,,,,,,,,,,,,,,
,,,,,,,,,,,,,,
,,,,,,,,,,,,,,
,,,,,,,,,,,,,,
,,,,,,,,,,,,,,
,,,,,,,,,,,,,,
,,,,,,,,,,,,,,
,,,,,,,,,,,,,,
,,,,,,,,,,,,,,
,,,,,,,,,,,,,,
,,,,,,,,,,,,,,
,,,,,,,,,,,,,,
,,,,,,,,,,,,,,
,,,,,,,,,,,,,,
,,,,,,,,,,,,,,
,,,,,,,,,,,,,,
,,,,,,,,,,,,,,
,,,,,,,,,,,,,,
,,,,,,,,,,,,,,
,,,,,,,,,,,,,,
,,,,,,,,,,,,,,
,,,,,,,,,,,,,,
,,,,,,,,,,,,,,
,,,,,,,,,,,,,,
,,,,,,,,,,,,,,
,,,,,,,,,,,,,,
,,,,,,,,,,,,,,
,,,,,,,,,,,,,,
,,,,,,,,,,,,,,
,,,,,,,,,,,,,,
,,,,,,,,,,,,,,
,,,,,,,,,,,,,,
,,,,,,,,,,,,,,
,,,,,,,,,,,,,,
,,,,,,,,,,,,,,
,,,,,,,,,,,,,,
,,,,,,,,,,,,,,
,,,,,,,,,,,,,,
,,,,,,,,,,,,,,
,,,,,,,,,,,,,,
,,,,,,,,,,,,,,
,,,,,,,,,,,,,,
,,,,,,,,,,,,,,
,,,,,,,,,,,,,,
,,,,,,,,,,,,,,
,,,,,,,,,,,,,,
,,,,,,,,,,,,,,
,,,,,,,,,,,,,,
,,,,,,,,,,,,,,
,,,,,,,,,,,,,,
,,,,,,,,,,,,,,
,,,,,,,,,,,,,,
,,,,,,,,,,,,,,
,,,,,,,,,,,,,,
,,,,,,,,,,,,,,
,,,,,,,,,,,,,,
,,,,,,,,,,,,,,
,,,,,,,,,,,,,,
,,,,,,,,,,,,,,
,,,,,,,,,,,,,,
,,,,,,,,,,,,,,
,,,,,,,,,,,,,,
,,,,,,,,,,,,,,
,,,,,,,,,,,,,,
,,,,,,,,,,,,,,
,,,,,,,,,,,,,,
,,,,,,,,,,,,,,
,,,,,,,,,,,,,,
,,,,,,,,,,,,,,
,,,,,,,,,,,,,,
,,,,,,,,,,,,,,
,,,,,,,,,,,,,,
,,,,,,,,,,,,,,
,,,,,,,,,,,,,,
,,,,,,,,,,,,,,
,,,,,,,,,,,,,,
,,,,,,,,,,,,,,
,,,,,,,,,,,,,,
,,,,,,,,,,,,,,
,,,,,,,,,,,,,,
,,,,,,,,,,,,,,
,,,,,,,,,,,,,,
,,,,,,,,,,,,,,
,,,,,,,,,,,,,,
,,,,,,,,,,,,,,
,,,,,,,,,,,,,,
,,,,,,,,,,,,,,
,,,,,,,,,,,,,,
,,,,,,,,,,,,,,
,,,,,,,,,,,,,,
,,,,,,,,,,,,,,
,,,,,,,,,,,,,,
,,,,,,,,,,,,,,
,,,,,,,,,,,,,,
,,,,,,,,,,,,,,
,,,,,,,,,,,,,,
,,,,,,,,,,,,,,
,,,,,,,,,,,,,,
,,,,,,,,,,,,,,
,,,,,,,,,,,,,,
,,,,,,,,,,,,,,
,,,,,,,,,,,,,,
,,,,,,,,,,,,,,
,,,,,,,,,,,,,,
,,,,,,,,,,,,,,
,,,,,,,,,,,,,,
,,,,,,,,,,,,,,
,,,,,,,,,,,,,,
,,,,,,,,,,,,,,
,,,,,,,,,,,,,,
,,,,,,,,,,,,,,
,,,,,,,,,,,,,,
,,,,,,,,,,,,,,
,,,,,,,,,,,,,,
,,,,,,,,,,,,,,
,,,,,,,,,,,,,,
,,,,,,,,,,,,,,
,,,,,,,,,,,,,,
,,,,,,,,,,,,,,
,,,,,,,,,,,,,,
,,,,,,,,,,,,,,
,,,,,,,,,,,,,,
,,,,,,,,,,,,,,
,,,,,,,,,,,,,,
,,,,,,,,,,,,,,
,,,,,,,,,,,,,,
,,,,,,,,,,,,,,
,,,,,,,,,,,,,,
,,,,,,,,,,,,,,
,,,,,,,,,,,,,,
,,,,,,,,,,,,,,
,,,,,,,,,,,,,,
,,,,,,,,,,,,,,
,,,,,,,,,,,,,,
,,,,,,,,,,,,,,
,,,,,,,,,,,,,,
,,,,,,,,,,,,,,
,,,,,,,,,,,,,,
,,,,,,,,,,,,,,
,,,,,,,,,,,,,,
,,,,,,,,,,,,,,
,,,,,,,,,,,,,,
,,,,,,,,,,,,,,
,,,,,,,,,,,,,,
,,,,,,,,,,,,,,
,,,,,,,,,,,,,,
,,,,,,,,,,,,,,
,,,,,,,,,,,,,,
,,,,,,,,,,,,,,
,,,,,,,,,,,,,,
,,,,,,,,,,,,,,
,,,,,,,,,,,,,,
,,,,,,,,,,,,,,
,,,,,,,,,,,,,,
,,,,,,,,,,,,,,
,,,,,,,,,,,,,,
,,,,,,,,,,,,,,
,,,,,,,,,,,,,,
,,,,,,,,,,,,,,
,,,,,,,,,,,,,,
,,,,,,,,,,,,,,
,,,,,,,,,,,,,,
,,,,,,,,,,,,,,
,,,,,,,,,,,,,,
,,,,,,,,,,,,,,
,,,,,,,,,,,,,,
,,,,,,,,,,,,,,
,,,,,,,,,,,,,,
,,,,,,,,,,,,,,
,,,,,,,,,,,,,,
,,,,,,,,,,,,,,
,,,,,,,,,,,,,,
,,,,,,,,,,,,,,
,,,,,,,,,,,,,,
,,,,,,,,,,,,,,
,,,,,,,,,,,,,,
,,,,,,,,,,,,,,
,,,,,,,,,,,,,,
,,,,,,,,,,,,,,
,,,,,,,,,,,,,,
,,,,,,,,,,,,,,
,,,,,,,,,,,,,,
,,,,,,,,,,,,,,
,,,,,,,,,,,,,,
,,,,,,,,,,,,,,
,,,,,,,,,,,,,,
,,,,,,,,,,,,,,
,,,,,,,,,,,,,,
,,,,,,,,,,,,,,
,,,,,,,,,,,,,,
,,,,,,,,,,,,,,
,,,,,,,,,,,,,,
,,,,,,,,,,,,,,
,,,,,,,,,,,,,,
,,,,,,,,,,,,,,
,,,,,,,,,,,,,,
,,,,,,,,,,,,,,
,,,,,,,,,,,,,,
,,,,,,,,,,,,,,
,,,,,,,,,,,,,,
,,,,,,,,,,,,,,
,,,,,,,,,,,,,,
,,,,,,,,,,,,,,
,,,,,,,,,,,,,,
,,,,,,,,,,,,,,
,,,,,,,,,,,,,,
,,,,,,,,,,,,,,
,,,,,,,,,,,,,,
,,,,,,,,,,,,,,
,,,,,,,,,,,,,,
,,,,,,,,,,,,,,
,,,,,,,,,,,,,,
,,,,,,,,,,,,,,
,,,,,,,,,,,,,,
,,,,,,,,,,,,,,
,,,,,,,,,,,,,,
,,,,,,,,,,,,,,
,,,,,,,,,,,,,,
,,,,,,,,,,,,,,
,,,,,,,,,,,,,,
,,,,,,,,,,,,,,
,,,,,,,,,,,,,,
,,,,,,,,,,,,,,
,,,,,,,,,,,,,,
,,,,,,,,,,,,,,
,,,,,,,,,,,,,,
,,,,,,,,,,,,,,
,,,,,,,,,,,,,,
,,,,,,,,,,,,,,
,,,,,,,,,,,,,,
,,,,,,,,,,,,,,
,,,,,,,,,,,,,,
,,,,,,,,,,,,,,
,,,,,,,,,,,,,,
,,,,,,,,,,,,,,
,,,,,,,,,,,,,,
,,,,,,,,,,,,,,
,,,,,,,,,,,,,,
,,,,,,,,,,,,,,
,,,,,,,,,,,,,,
,,,,,,,,,,,,,,
,,,,,,,,,,,,,,
,,,,,,,,,,,,,,
,,,,,,,,,,,,,,
,,,,,,,,,,,,,,
,,,,,,,,,,,,,,
,,,,,,,,,,,,,,
,,,,,,,,,,,,,,
,,,,,,,,,,,,,,
,,,,,,,,,,,,,,
,,,,,,,,,,,,,,
,,,,,,,,,,,,,,
,,,,,,,,,,,,,,
,,,,,,,ãã,,,,,,,
